border,arm,draw,gas_sigma,co2_sigma,mean_spread,separated_pct,hours
DE_LU-FR,observed,0,0.000000,0.000000,34.522170,88.194444,288
DE_LU-PL,observed,0,0.000000,0.000000,-8.660139,86.458333,288
DE_LU-CZ,observed,0,0.000000,0.000000,-3.360391,77.777778,288
DE_LU-NL,observed,0,0.000000,0.000000,2.977491,78.472222,288
DE_LU-BE,observed,0,0.000000,0.000000,7.870469,84.375000,288
DE_LU-AT,observed,0,0.000000,0.000000,-6.750399,79.861111,288
DE_LU-CH,observed,0,0.000000,0.000000,-5.619792,94.444444,288
FR-BE,observed,0,0.000000,0.000000,-26.651701,85.416667,288
FR-CH,observed,0,0.000000,0.000000,-40.141962,98.611111,288
NL-BE,observed,0,0.000000,0.000000,4.892977,74.652778,288
AT-CH,observed,0,0.000000,0.000000,1.130608,96.180556,288
AT-CZ,observed,0,0.000000,0.000000,3.390009,79.513889,288
CZ-PL,observed,0,0.000000,0.000000,-5.299748,78.472222,288
DE_LU-FR,ntc,1,2.197113,-0.114972,19.985011,47.222222,288
DE_LU-PL,ntc,1,2.197113,-0.114972,-6.782226,40.972222,288
DE_LU-CZ,ntc,1,2.197113,-0.114972,0.182149,26.388889,288
DE_LU-NL,ntc,1,2.197113,-0.114972,3.492786,18.750000,288
DE_LU-BE,ntc,1,2.197113,-0.114972,6.166507,24.652778,288
DE_LU-AT,ntc,1,2.197113,-0.114972,3.405919,11.805556,288
DE_LU-CH,ntc,1,2.197113,-0.114972,5.946364,21.180556,288
FR-BE,ntc,1,2.197113,-0.114972,-13.818504,37.500000,288
FR-CH,ntc,1,2.197113,-0.114972,-14.038647,27.777778,288
NL-BE,ntc,1,2.197113,-0.114972,2.673720,15.972222,288
AT-CH,ntc,1,2.197113,-0.114972,2.540445,19.444444,288
AT-CZ,ntc,1,2.197113,-0.114972,-3.223769,26.388889,288
CZ-PL,ntc,1,2.197113,-0.114972,-6.964375,38.541667,288
DE_LU-FR,ntc,2,-1.736009,-0.193904,15.301752,66.666667,288
DE_LU-PL,ntc,2,-1.736009,-0.193904,-14.837173,72.916667,288
DE_LU-CZ,ntc,2,-1.736009,-0.193904,-6.106792,36.458333,288
DE_LU-NL,ntc,2,-1.736009,-0.193904,5.315758,24.305556,288
DE_LU-BE,ntc,2,-1.736009,-0.193904,7.655175,36.111111,288
DE_LU-AT,ntc,2,-1.736009,-0.193904,4.530048,15.277778,288
DE_LU-CH,ntc,2,-1.736009,-0.193904,4.769534,25.694444,288
FR-BE,ntc,2,-1.736009,-0.193904,-7.646577,47.222222,288
FR-CH,ntc,2,-1.736009,-0.193904,-10.532218,43.750000,288
NL-BE,ntc,2,-1.736009,-0.193904,2.339417,27.083333,288
AT-CH,ntc,2,-1.736009,-0.193904,0.239486,22.569444,288
AT-CZ,ntc,2,-1.736009,-0.193904,-10.636840,45.833333,288
CZ-PL,ntc,2,-1.736009,-0.193904,-8.730381,56.250000,288
DE_LU-FR,ntc,3,-0.264830,-1.496459,13.336275,57.638889,288
DE_LU-PL,ntc,3,-0.264830,-1.496459,-7.770065,46.875000,288
DE_LU-CZ,ntc,3,-0.264830,-1.496459,-2.425046,30.902778,288
DE_LU-NL,ntc,3,-0.264830,-1.496459,3.467337,19.097222,288
DE_LU-BE,ntc,3,-0.264830,-1.496459,5.613430,28.125000,288
DE_LU-AT,ntc,3,-0.264830,-1.496459,3.275655,12.847222,288
DE_LU-CH,ntc,3,-0.264830,-1.496459,3.773428,23.611111,288
FR-BE,ntc,3,-0.264830,-1.496459,-7.722846,41.666667,288
FR-CH,ntc,3,-0.264830,-1.496459,-9.562847,35.416667,288
NL-BE,ntc,3,-0.264830,-1.496459,2.146093,23.611111,288
AT-CH,ntc,3,-0.264830,-1.496459,0.497773,19.444444,288
AT-CZ,ntc,3,-0.264830,-1.496459,-5.700701,38.541667,288
CZ-PL,ntc,3,-0.264830,-1.496459,-5.345019,41.666667,288
DE_LU-FR,ntc,4,1.007578,-1.010333,16.267520,49.652778,288
DE_LU-PL,ntc,4,1.007578,-1.010333,-6.794751,43.750000,288
DE_LU-CZ,ntc,4,1.007578,-1.010333,-0.719768,26.041667,288
DE_LU-NL,ntc,4,1.007578,-1.010333,3.419847,17.013889,288
DE_LU-BE,ntc,4,1.007578,-1.010333,5.748316,26.736111,288
DE_LU-AT,ntc,4,1.007578,-1.010333,3.147222,11.458333,288
DE_LU-CH,ntc,4,1.007578,-1.010333,4.531582,20.833333,288
FR-BE,ntc,4,1.007578,-1.010333,-10.519204,36.805556,288
FR-CH,ntc,4,1.007578,-1.010333,-11.735938,30.555556,288
NL-BE,ntc,4,1.007578,-1.010333,2.328468,19.097222,288
AT-CH,ntc,4,1.007578,-1.010333,1.384360,18.750000,288
AT-CZ,ntc,4,1.007578,-1.010333,-3.866991,29.513889,288
CZ-PL,ntc,4,1.007578,-1.010333,-6.074983,40.625000,288
DE_LU-FR,ntc,5,1.048992,1.827961,21.896236,56.250000,288
DE_LU-PL,ntc,5,1.048992,1.827961,-9.283399,46.527778,288
DE_LU-CZ,ntc,5,1.048992,1.827961,-2.512345,28.472222,288
DE_LU-NL,ntc,5,1.048992,1.827961,4.754839,18.055556,288
DE_LU-BE,ntc,5,1.048992,1.827961,8.245967,27.777778,288
DE_LU-AT,ntc,5,1.048992,1.827961,3.794642,12.500000,288
DE_LU-CH,ntc,5,1.048992,1.827961,6.162053,22.916667,288
FR-BE,ntc,5,1.048992,1.827961,-13.650269,40.277778,288
FR-CH,ntc,5,1.048992,1.827961,-15.734183,34.722222,288
NL-BE,ntc,5,1.048992,1.827961,3.491128,22.222222,288
AT-CH,ntc,5,1.048992,1.827961,2.367411,19.444444,288
AT-CZ,ntc,5,1.048992,1.827961,-6.306986,35.069444,288
CZ-PL,ntc,5,1.048992,1.827961,-6.771054,39.930556,288
DE_LU-FR,ntc,6,0.137185,0.765495,18.439813,59.375000,288
DE_LU-PL,ntc,6,0.137185,0.765495,-9.874305,52.430556,288
DE_LU-CZ,ntc,6,0.137185,0.765495,-3.340245,30.555556,288
DE_LU-NL,ntc,6,0.137185,0.765495,4.486834,20.833333,288
DE_LU-BE,ntc,6,0.137185,0.765495,7.523402,30.902778,288
DE_LU-AT,ntc,6,0.137185,0.765495,3.838732,13.888889,288
DE_LU-CH,ntc,6,0.137185,0.765495,5.317548,24.305556,288
FR-BE,ntc,6,0.137185,0.765495,-10.916411,42.708333,288
FR-CH,ntc,6,0.137185,0.765495,-13.122265,37.152778,288
NL-BE,ntc,6,0.137185,0.765495,3.036569,23.263889,288
AT-CH,ntc,6,0.137185,0.765495,1.478816,20.486111,288
AT-CZ,ntc,6,0.137185,0.765495,-7.178978,39.583333,288
CZ-PL,ntc,6,0.137185,0.765495,-6.534059,46.527778,288
DE_LU-FR,ntc,7,0.180876,-1.178794,14.650666,53.819444,288
DE_LU-PL,ntc,7,0.180876,-1.178794,-7.385062,44.791667,288
DE_LU-CZ,ntc,7,0.180876,-1.178794,-1.809362,29.166667,288
DE_LU-NL,ntc,7,0.180876,-1.178794,3.514087,16.666667,288
DE_LU-BE,ntc,7,0.180876,-1.178794,5.855406,27.083333,288
DE_LU-AT,ntc,7,0.180876,-1.178794,3.203698,11.458333,288
DE_LU-CH,ntc,7,0.180876,-1.178794,4.065206,22.222222,288
FR-BE,ntc,7,0.180876,-1.178794,-8.795260,38.541667,288
FR-CH,ntc,7,0.180876,-1.178794,-10.585459,32.986111,288
NL-BE,ntc,7,0.180876,-1.178794,2.341319,21.875000,288
AT-CH,ntc,7,0.180876,-1.178794,0.861508,19.097222,288
AT-CZ,ntc,7,0.180876,-1.178794,-5.013061,35.416667,288
CZ-PL,ntc,7,0.180876,-1.178794,-5.575700,39.236111,288
DE_LU-FR,ntc,8,-0.726146,-0.936657,14.122158,62.847222,288
DE_LU-PL,ntc,8,-0.726146,-0.936657,-9.828645,60.416667,288
DE_LU-CZ,ntc,8,-0.726146,-0.936657,-3.603021,33.333333,288
DE_LU-NL,ntc,8,-0.726146,-0.936657,4.141842,21.527778,288
DE_LU-BE,ntc,8,-0.726146,-0.936657,6.429631,33.333333,288
DE_LU-AT,ntc,8,-0.726146,-0.936657,3.748640,15.277778,288
DE_LU-CH,ntc,8,-0.726146,-0.936657,4.179971,24.652778,288
FR-BE,ntc,8,-0.726146,-0.936657,-7.692527,44.791667,288
FR-CH,ntc,8,-0.726146,-0.936657,-9.942187,40.277778,288
NL-BE,ntc,8,-0.726146,-0.936657,2.287788,25.000000,288
AT-CH,ntc,8,-0.726146,-0.936657,0.431331,21.527778,288
AT-CZ,ntc,8,-0.726146,-0.936657,-7.351661,43.402778,288
CZ-PL,ntc,8,-0.726146,-0.936657,-6.225624,51.041667,288
DE_LU-FR,ntc,9,0.031736,0.328496,17.417879,59.027778,288
DE_LU-PL,ntc,9,0.031736,0.328496,-9.508774,52.430556,288
DE_LU-CZ,ntc,9,0.031736,0.328496,-3.208276,30.555556,288
DE_LU-NL,ntc,9,0.031736,0.328496,4.296014,20.833333,288
DE_LU-BE,ntc,9,0.031736,0.328496,7.159227,30.555556,288
DE_LU-AT,ntc,9,0.031736,0.328496,3.742784,13.888889,288
DE_LU-CH,ntc,9,0.031736,0.328496,5.022945,24.305556,288
FR-BE,ntc,9,0.031736,0.328496,-10.258652,42.361111,288
FR-CH,ntc,9,0.031736,0.328496,-12.394933,36.805556,288
NL-BE,ntc,9,0.031736,0.328496,2.863213,23.263889,288
AT-CH,ntc,9,0.031736,0.328496,1.280161,20.486111,288
AT-CZ,ntc,9,0.031736,0.328496,-6.951060,39.583333,288
CZ-PL,ntc,9,0.031736,0.328496,-6.300498,46.180556,288
DE_LU-FR,ntc,10,-0.146882,1.714839,20.128648,63.541667,288
DE_LU-PL,ntc,10,-0.146882,1.714839,-12.370095,60.069444,288
DE_LU-CZ,ntc,10,-0.146882,1.714839,-4.597059,33.333333,288
DE_LU-NL,ntc,10,-0.146882,1.714839,5.121006,23.263889,288
DE_LU-BE,ntc,10,-0.146882,1.714839,8.556182,34.375000,288
DE_LU-AT,ntc,10,-0.146882,1.714839,4.428428,15.277778,288
DE_LU-CH,ntc,10,-0.146882,1.714839,5.964374,24.652778,288
FR-BE,ntc,10,-0.146882,1.714839,-11.572466,45.138889,288
FR-CH,ntc,10,-0.146882,1.714839,-14.164274,40.972222,288
NL-BE,ntc,10,-0.146882,1.714839,3.435176,25.000000,288
AT-CH,ntc,10,-0.146882,1.714839,1.535946,21.527778,288
AT-CZ,ntc,10,-0.146882,1.714839,-9.025487,43.402778,288
CZ-PL,ntc,10,-0.146882,1.714839,-7.773035,51.041667,288
DE_LU-FR,ntc,11,0.340603,0.364038,17.906250,57.291667,288
DE_LU-PL,ntc,11,0.340603,0.364038,-8.788859,46.527778,288
DE_LU-CZ,ntc,11,0.340603,0.364038,-2.698930,30.555556,288
DE_LU-NL,ntc,11,0.340603,0.364038,4.193200,19.097222,288
DE_LU-BE,ntc,11,0.340603,0.364038,7.129913,28.125000,288
DE_LU-AT,ntc,11,0.340603,0.364038,3.606334,12.847222,288
DE_LU-CH,ntc,11,0.340603,0.364038,5.067860,23.611111,288
FR-BE,ntc,11,0.340603,0.364038,-10.776337,41.319444,288
FR-CH,ntc,11,0.340603,0.364038,-12.838390,35.069444,288
NL-BE,ntc,11,0.340603,0.364038,2.936713,22.916667,288
AT-CH,ntc,11,0.340603,0.364038,1.461526,19.444444,288
AT-CZ,ntc,11,0.340603,0.364038,-6.305264,38.194444,288
CZ-PL,ntc,11,0.340603,0.364038,-6.089929,41.319444,288
DE_LU-FR,ntc,12,0.281521,-0.432807,16.252423,55.208333,288
DE_LU-PL,ntc,12,0.281521,-0.432807,-7.983053,45.486111,288
DE_LU-CZ,ntc,12,0.281521,-0.432807,-2.187039,29.166667,288
DE_LU-NL,ntc,12,0.281521,-0.432807,3.830609,17.361111,288
DE_LU-BE,ntc,12,0.281521,-0.432807,6.471496,27.430556,288
DE_LU-AT,ntc,12,0.281521,-0.432807,3.379188,11.458333,288
DE_LU-CH,ntc,12,0.281521,-0.432807,4.548588,21.875000,288
FR-BE,ntc,12,0.281521,-0.432807,-9.780927,39.583333,288
FR-CH,ntc,12,0.281521,-0.432807,-11.703835,34.375000,288
NL-BE,ntc,12,0.281521,-0.432807,2.640887,22.222222,288
AT-CH,ntc,12,0.281521,-0.432807,1.169399,19.444444,288
AT-CZ,ntc,12,0.281521,-0.432807,-5.566227,36.111111,288
CZ-PL,ntc,12,0.281521,-0.432807,-5.796015,40.972222,288
DE_LU-FR,ntc,13,-1.104597,-0.833954,14.248546,64.583333,288
DE_LU-PL,ntc,13,-1.104597,-0.833954,-11.282687,65.625000,288
DE_LU-CZ,ntc,13,-1.104597,-0.833954,-4.415867,35.763889,288
DE_LU-NL,ntc,13,-1.104597,-0.833954,4.504125,22.569444,288
DE_LU-BE,ntc,13,-1.104597,-0.833954,6.767565,34.027778,288
DE_LU-AT,ntc,13,-1.104597,-0.833954,4.083200,14.930556,288
DE_LU-CH,ntc,13,-1.104597,-0.833954,4.354370,24.652778,288
FR-BE,ntc,13,-1.104597,-0.833954,-7.480981,46.527778,288
FR-CH,ntc,13,-1.104597,-0.833954,-9.894176,42.361111,288
NL-BE,ntc,13,-1.104597,-0.833954,2.263440,25.347222,288
AT-CH,ntc,13,-1.104597,-0.833954,0.271170,21.875000,288
AT-CZ,ntc,13,-1.104597,-0.833954,-8.499066,45.833333,288
CZ-PL,ntc,13,-1.104597,-0.833954,-6.866820,54.166667,288
DE_LU-FR,ntc,14,0.538449,-0.060128,17.403035,53.819444,288
DE_LU-PL,ntc,14,0.538449,-0.060128,-7.977053,45.486111,288
DE_LU-CZ,ntc,14,0.538449,-0.060128,-1.959808,27.083333,288
DE_LU-NL,ntc,14,0.538449,-0.060128,3.973754,17.013889,288
DE_LU-BE,ntc,14,0.538449,-0.060128,6.753464,26.736111,288
DE_LU-AT,ntc,14,0.538449,-0.060128,3.402449,11.111111,288
DE_LU-CH,ntc,14,0.538449,-0.060128,4.836332,21.875000,288
FR-BE,ntc,14,0.538449,-0.060128,-10.649571,38.541667,288
FR-CH,ntc,14,0.538449,-0.060128,-12.566703,32.986111,288
NL-BE,ntc,14,0.538449,-0.060128,2.779710,21.875000,288
AT-CH,ntc,14,0.538449,-0.060128,1.433884,19.097222,288
AT-CZ,ntc,14,0.538449,-0.060128,-5.362256,33.680556,288
CZ-PL,ntc,14,0.538449,-0.060128,-6.017245,40.625000,288
DE_LU-FR,ntc,15,-0.668212,-0.770415,14.480045,62.847222,288
DE_LU-PL,ntc,15,-0.668212,-0.770415,-9.918690,60.416667,288
DE_LU-CZ,ntc,15,-0.668212,-0.770415,-3.628832,33.333333,288
DE_LU-NL,ntc,15,-0.668212,-0.770415,4.184820,21.527778,288
DE_LU-BE,ntc,15,-0.668212,-0.770415,6.545160,33.333333,288
DE_LU-AT,ntc,15,-0.668212,-0.770415,3.768692,15.277778,288
DE_LU-CH,ntc,15,-0.668212,-0.770415,4.285624,24.652778,288
FR-BE,ntc,15,-0.668212,-0.770415,-7.934885,44.791667,288
FR-CH,ntc,15,-0.668212,-0.770415,-10.194421,40.277778,288
NL-BE,ntc,15,-0.668212,-0.770415,2.360340,25.000000,288
AT-CH,ntc,15,-0.668212,-0.770415,0.516932,21.527778,288
AT-CZ,ntc,15,-0.668212,-0.770415,-7.397524,43.402778,288
CZ-PL,ntc,15,-0.668212,-0.770415,-6.289858,51.041667,288
DE_LU-FR,ntc,16,1.197022,-0.727034,17.113506,50.000000,288
DE_LU-PL,ntc,16,1.197022,-0.727034,-6.881922,43.750000,288
DE_LU-CZ,ntc,16,1.197022,-0.727034,-0.631395,26.041667,288
DE_LU-NL,ntc,16,1.197022,-0.727034,3.511022,17.708333,288
DE_LU-BE,ntc,16,1.197022,-0.727034,5.950371,27.083333,288
DE_LU-AT,ntc,16,1.197022,-0.727034,3.207049,11.458333,288
DE_LU-CH,ntc,16,1.197022,-0.727034,4.796058,21.180556,288
FR-BE,ntc,16,1.197022,-0.727034,-11.163135,37.500000,288
FR-CH,ntc,16,1.197022,-0.727034,-12.317448,30.555556,288
NL-BE,ntc,16,1.197022,-0.727034,2.439349,19.444444,288
AT-CH,ntc,16,1.197022,-0.727034,1.589009,19.097222,288
AT-CZ,ntc,16,1.197022,-0.727034,-3.838444,29.166667,288
CZ-PL,ntc,16,1.197022,-0.727034,-6.250527,40.625000,288
DE_LU-FR,ntc,17,0.238674,0.350753,17.718528,57.291667,288
DE_LU-PL,ntc,17,0.238674,0.350753,-9.003326,47.916667,288
DE_LU-CZ,ntc,17,0.238674,0.350753,-2.869018,30.555556,288
DE_LU-NL,ntc,17,0.238674,0.350753,4.209223,19.444444,288
DE_LU-BE,ntc,17,0.238674,0.350753,7.111173,28.472222,288
DE_LU-AT,ntc,17,0.238674,0.350753,3.655104,13.194444,288
DE_LU-CH,ntc,17,0.238674,0.350753,5.054444,23.611111,288
FR-BE,ntc,17,0.238674,0.350753,-10.607355,41.319444,288
FR-CH,ntc,17,0.238674,0.350753,-12.664084,35.069444,288
NL-BE,ntc,17,0.238674,0.350753,2.901949,22.916667,288
AT-CH,ntc,17,0.238674,0.350753,1.399340,19.444444,288
AT-CZ,ntc,17,0.238674,0.350753,-6.524122,38.541667,288
CZ-PL,ntc,17,0.238674,0.350753,-6.134308,42.708333,288
DE_LU-FR,ntc,18,-2.083870,0.171015,15.772093,68.750000,288
DE_LU-PL,ntc,18,-2.083870,0.171015,-17.399932,77.083333,288
DE_LU-CZ,ntc,18,-2.083870,0.171015,-7.193283,38.888889,288
DE_LU-NL,ntc,18,-2.083870,0.171015,5.614962,26.736111,288
DE_LU-BE,ntc,18,-2.083870,0.171015,8.125335,38.194444,288
DE_LU-AT,ntc,18,-2.083870,0.171015,4.773619,15.277778,288
DE_LU-CH,ntc,18,-2.083870,0.171015,5.113723,25.694444,288
FR-BE,ntc,18,-2.083870,0.171015,-7.646758,47.916667,288
FR-CH,ntc,18,-2.083870,0.171015,-10.658371,45.833333,288
NL-BE,ntc,18,-2.083870,0.171015,2.510373,29.166667,288
AT-CH,ntc,18,-2.083870,0.171015,0.340103,22.569444,288
AT-CZ,ntc,18,-2.083870,0.171015,-11.966902,47.916667,288
CZ-PL,ntc,18,-2.083870,0.171015,-10.206648,59.027778,288
DE_LU-FR,ntc,19,-0.569262,0.276542,16.659220,64.583333,288
DE_LU-PL,ntc,19,-0.569262,0.276542,-11.404016,61.111111,288
DE_LU-CZ,ntc,19,-0.569262,0.276542,-4.322692,34.027778,288
DE_LU-NL,ntc,19,-0.569262,0.276542,4.550701,22.569444,288
DE_LU-BE,ntc,19,-0.569262,0.276542,7.378188,34.722222,288
DE_LU-AT,ntc,19,-0.569262,0.276542,4.127633,15.277778,288
DE_LU-CH,ntc,19,-0.569262,0.276542,4.979673,25.000000,288
FR-BE,ntc,19,-0.569262,0.276542,-9.281031,45.486111,288
FR-CH,ntc,19,-0.569262,0.276542,-11.679547,41.666667,288
NL-BE,ntc,19,-0.569262,0.276542,2.827487,25.694444,288
AT-CH,ntc,19,-0.569262,0.276542,0.852040,22.222222,288
AT-CZ,ntc,19,-0.569262,0.276542,-8.450325,44.097222,288
CZ-PL,ntc,19,-0.569262,0.276542,-7.081325,51.388889,288
DE_LU-FR,ntc,20,-1.368704,0.548568,17.044810,65.972222,288
DE_LU-PL,ntc,20,-1.368704,0.548568,-14.622287,70.833333,288
DE_LU-CZ,ntc,20,-1.368704,0.548568,-5.922835,36.805556,288
DE_LU-NL,ntc,20,-1.368704,0.548568,5.414258,23.958333,288
DE_LU-BE,ntc,20,-1.368704,0.548568,8.232341,35.763889,288
DE_LU-AT,ntc,20,-1.368704,0.548568,4.653571,15.277778,288
DE_LU-CH,ntc,20,-1.368704,0.548568,5.302627,25.000000,288
FR-BE,ntc,20,-1.368704,0.548568,-8.812469,46.875000,288
FR-CH,ntc,20,-1.368704,0.548568,-11.742183,43.750000,288
NL-BE,ntc,20,-1.368704,0.548568,2.818083,26.736111,288
AT-CH,ntc,20,-1.368704,0.548568,0.649056,21.875000,288
AT-CZ,ntc,20,-1.368704,0.548568,-10.576406,45.833333,288
CZ-PL,ntc,20,-1.368704,0.548568,-8.699452,54.861111,288
DE_LU-FR,ntc,21,-0.826108,-2.747357,10.482853,59.375000,288
DE_LU-PL,ntc,21,-0.826108,-2.747357,-7.439562,51.388889,288
DE_LU-CZ,ntc,21,-0.826108,-2.747357,-2.460675,32.638889,288
DE_LU-NL,ntc,21,-0.826108,-2.747357,3.323397,21.527778,288
DE_LU-BE,ntc,21,-0.826108,-2.747357,4.831144,30.208333,288
DE_LU-AT,ntc,21,-0.826108,-2.747357,3.126840,14.236111,288
DE_LU-CH,ntc,21,-0.826108,-2.747357,2.953124,23.958333,288
FR-BE,ntc,21,-0.826108,-2.747357,-5.651709,43.055556,288
FR-CH,ntc,21,-0.826108,-2.747357,-7.529729,37.152778,288
NL-BE,ntc,21,-0.826108,-2.747357,1.507747,22.916667,288
AT-CH,ntc,21,-0.826108,-2.747357,-0.173716,20.486111,288
AT-CZ,ntc,21,-0.826108,-2.747357,-5.587515,41.666667,288
CZ-PL,ntc,21,-0.826108,-2.747357,-4.978887,42.708333,288
DE_LU-FR,ntc,22,0.361224,0.113311,17.431340,56.944444,288
DE_LU-PL,ntc,22,0.361224,0.113311,-8.470873,45.833333,288
DE_LU-CZ,ntc,22,0.361224,0.113311,-2.475032,30.208333,288
DE_LU-NL,ntc,22,0.361224,0.113311,4.057175,18.750000,288
DE_LU-BE,ntc,22,0.361224,0.113311,6.909693,27.777778,288
DE_LU-AT,ntc,22,0.361224,0.113311,3.507236,12.500000,288
DE_LU-CH,ntc,22,0.361224,0.113311,4.907533,23.263889,288
FR-BE,ntc,22,0.361224,0.113311,-10.521646,40.972222,288
FR-CH,ntc,22,0.361224,0.113311,-12.523807,35.069444,288
NL-BE,ntc,22,0.361224,0.113311,2.852518,22.569444,288
AT-CH,ntc,22,0.361224,0.113311,1.400297,19.444444,288
AT-CZ,ntc,22,0.361224,0.113311,-5.982268,37.500000,288
CZ-PL,ntc,22,0.361224,0.113311,-5.995841,40.625000,288
DE_LU-FR,ntc,23,-2.034675,-0.688846,14.037795,67.013889,288
DE_LU-PL,ntc,23,-2.034675,-0.688846,-15.388318,73.611111,288
DE_LU-CZ,ntc,23,-2.034675,-0.688846,-6.381557,35.763889,288
DE_LU-NL,ntc,23,-2.034675,-0.688846,5.194630,25.000000,288
DE_LU-BE,ntc,23,-2.034675,-0.688846,7.318717,36.458333,288
DE_LU-AT,ntc,23,-2.034675,-0.688846,4.412111,15.277778,288
DE_LU-CH,ntc,23,-2.034675,-0.688846,4.434186,25.694444,288
FR-BE,ntc,23,-2.034675,-0.688846,-6.719078,46.180556,288
FR-CH,ntc,23,-2.034675,-0.688846,-9.603609,44.097222,288
NL-BE,ntc,23,-2.034675,-0.688846,2.124087,27.083333,288
AT-CH,ntc,23,-2.034675,-0.688846,0.022075,22.569444,288
AT-CZ,ntc,23,-2.034675,-0.688846,-10.793667,45.138889,288
CZ-PL,ntc,23,-2.034675,-0.688846,-9.006761,56.944444,288
DE_LU-FR,ntc,24,-0.450022,-1.526510,13.142801,59.027778,288
DE_LU-PL,ntc,24,-0.450022,-1.526510,-8.142366,50.000000,288
DE_LU-CZ,ntc,24,-0.450022,-1.526510,-2.677099,31.250000,288
DE_LU-NL,ntc,24,-0.450022,-1.526510,3.621709,19.444444,288
DE_LU-BE,ntc,24,-0.450022,-1.526510,5.680540,29.861111,288
DE_LU-AT,ntc,24,-0.450022,-1.526510,3.350968,14.236111,288
DE_LU-CH,ntc,24,-0.450022,-1.526510,3.744849,23.958333,288
FR-BE,ntc,24,-0.450022,-1.526510,-7.462260,42.708333,288
FR-CH,ntc,24,-0.450022,-1.526510,-9.397951,36.458333,288
NL-BE,ntc,24,-0.450022,-1.526510,2.058831,22.916667,288
AT-CH,ntc,24,-0.450022,-1.526510,0.393881,20.486111,288
AT-CZ,ntc,24,-0.450022,-1.526510,-6.028067,40.277778,288
CZ-PL,ntc,24,-0.450022,-1.526510,-5.465268,43.402778,288
DE_LU-FR,ntc,25,1.134207,1.735230,21.821023,54.166667,288
DE_LU-PL,ntc,25,1.134207,1.735230,-9.074607,45.138889,288
DE_LU-CZ,ntc,25,1.134207,1.735230,-2.314012,28.472222,288
DE_LU-NL,ntc,25,1.134207,1.735230,4.728667,18.055556,288
DE_LU-BE,ntc,25,1.134207,1.735230,8.154658,26.388889,288
DE_LU-AT,ntc,25,1.134207,1.735230,3.738550,11.805556,288
DE_LU-CH,ntc,25,1.134207,1.735230,6.117426,22.222222,288
FR-BE,ntc,25,1.134207,1.735230,-13.666366,39.236111,288
FR-CH,ntc,25,1.134207,1.735230,-15.703598,33.333333,288
NL-BE,ntc,25,1.134207,1.735230,3.425991,20.486111,288
AT-CH,ntc,25,1.134207,1.735230,2.378875,18.750000,288
AT-CZ,ntc,25,1.134207,1.735230,-6.052563,34.375000,288
CZ-PL,ntc,25,1.134207,1.735230,-6.760595,38.888889,288
DE_LU-FR,ntc,26,0.742427,1.239212,20.281899,56.597222,288
DE_LU-PL,ntc,26,0.742427,1.239212,-9.098831,45.833333,288
DE_LU-CZ,ntc,26,0.742427,1.239212,-2.577033,28.125000,288
DE_LU-NL,ntc,26,0.742427,1.239212,4.516469,17.708333,288
DE_LU-BE,ntc,26,0.742427,1.239212,7.821465,27.430556,288
DE_LU-AT,ntc,26,0.742427,1.239212,3.724708,12.152778,288
DE_LU-CH,ntc,26,0.742427,1.239212,5.720315,22.916667,288
FR-BE,ntc,26,0.742427,1.239212,-12.460434,40.972222,288
FR-CH,ntc,26,0.742427,1.239212,-14.561584,35.069444,288
NL-BE,ntc,26,0.742427,1.239212,3.304997,22.222222,288
AT-CH,ntc,26,0.742427,1.239212,1.995607,19.444444,288
AT-CZ,ntc,26,0.742427,1.239212,-6.301741,35.763889,288
CZ-PL,ntc,26,0.742427,1.239212,-6.521798,40.625000,288
DE_LU-FR,ntc,27,-1.609917,-0.611588,14.497903,65.625000,288
DE_LU-PL,ntc,27,-1.609917,-0.611588,-13.545526,69.791667,288
DE_LU-CZ,ntc,27,-1.609917,-0.611588,-5.530599,34.722222,288
DE_LU-NL,ntc,27,-1.609917,-0.611588,5.029716,23.958333,288
DE_LU-BE,ntc,27,-1.609917,-0.611588,7.232279,35.416667,288
DE_LU-AT,ntc,27,-1.609917,-0.611588,4.308027,15.277778,288
DE_LU-CH,ntc,27,-1.609917,-0.611588,4.449198,25.000000,288
FR-BE,ntc,27,-1.609917,-0.611588,-7.265624,46.875000,288
FR-CH,ntc,27,-1.609917,-0.611588,-10.048705,43.055556,288
NL-BE,ntc,27,-1.609917,-0.611588,2.202563,26.388889,288
AT-CH,ntc,27,-1.609917,-0.611588,0.141172,21.875000,288
AT-CZ,ntc,27,-1.609917,-0.611588,-9.838626,44.097222,288
CZ-PL,ntc,27,-1.609917,-0.611588,-8.014927,54.861111,288
DE_LU-FR,ntc,28,-1.502852,-0.664543,14.452633,65.625000,288
DE_LU-PL,ntc,28,-1.502852,-0.664543,-13.021472,69.097222,288
DE_LU-CZ,ntc,28,-1.502852,-0.664543,-5.280108,35.416667,288
DE_LU-NL,ntc,28,-1.502852,-0.664543,4.914821,23.958333,288
DE_LU-BE,ntc,28,-1.502852,-0.664543,7.127358,35.069444,288
DE_LU-AT,ntc,28,-1.502852,-0.664543,4.265331,15.277778,288
DE_LU-CH,ntc,28,-1.502852,-0.664543,4.420779,25.000000,288
FR-BE,ntc,28,-1.502852,-0.664543,-7.325275,46.875000,288
FR-CH,ntc,28,-1.502852,-0.664543,-10.031854,43.055556,288
NL-BE,ntc,28,-1.502852,-0.664543,2.212537,26.041667,288
AT-CH,ntc,28,-1.502852,-0.664543,0.155448,21.875000,288
AT-CZ,ntc,28,-1.502852,-0.664543,-9.545439,44.097222,288
CZ-PL,ntc,28,-1.502852,-0.664543,-7.741364,55.208333,288
DE_LU-FR,ntc,29,-0.041075,0.404953,17.446657,60.069444,288
DE_LU-PL,ntc,29,-0.041075,0.404953,-9.865070,53.819444,288
DE_LU-CZ,ntc,29,-0.041075,0.404953,-3.395635,29.861111,288
DE_LU-NL,ntc,29,-0.041075,0.404953,4.361191,21.180556,288
DE_LU-BE,ntc,29,-0.041075,0.404953,7.253185,31.250000,288
DE_LU-AT,ntc,29,-0.041075,0.404953,3.798168,14.583333,288
DE_LU-CH,ntc,29,-0.041075,0.404953,5.047502,23.958333,288
FR-BE,ntc,29,-0.041075,0.404953,-10.193472,43.055556,288
FR-CH,ntc,29,-0.041075,0.404953,-12.399156,37.847222,288
NL-BE,ntc,29,-0.041075,0.404953,2.891994,23.611111,288
AT-CH,ntc,29,-0.041075,0.404953,1.249334,21.180556,288
AT-CZ,ntc,29,-0.041075,0.404953,-7.193803,39.930556,288
CZ-PL,ntc,29,-0.041075,0.404953,-6.469435,47.222222,288
DE_LU-FR,ntc,30,-2.420971,-1.215444,12.287431,67.708333,288
DE_LU-PL,ntc,30,-2.420971,-1.215444,-16.553100,76.041667,288
DE_LU-CZ,ntc,30,-2.420971,-1.215444,-6.870954,38.888889,288
DE_LU-NL,ntc,30,-2.420971,-1.215444,5.018130,27.083333,288
DE_LU-BE,ntc,30,-2.420971,-1.215444,6.872274,38.194444,288
DE_LU-AT,ntc,30,-2.420971,-1.215444,4.373780,14.930556,288
DE_LU-CH,ntc,30,-2.420971,-1.215444,4.198778,25.694444,288
FR-BE,ntc,30,-2.420971,-1.215444,-5.415157,41.666667,288
FR-CH,ntc,30,-2.420971,-1.215444,-8.088653,43.750000,288
NL-BE,ntc,30,-2.420971,-1.215444,1.854144,26.736111,288
AT-CH,ntc,30,-2.420971,-1.215444,-0.175002,21.875000,288
AT-CZ,ntc,30,-2.420971,-1.215444,-11.244735,48.611111,288
CZ-PL,ntc,30,-2.420971,-1.215444,-9.682145,57.291667,288
DE_LU-FR,ntc,31,-1.136930,-0.693633,14.537650,64.583333,288
DE_LU-PL,ntc,31,-1.136930,-0.693633,-11.621875,66.319444,288
DE_LU-CZ,ntc,31,-1.136930,-0.693633,-4.567144,35.763889,288
DE_LU-NL,ntc,31,-1.136930,-0.693633,4.591990,22.569444,288
DE_LU-BE,ntc,31,-1.136930,-0.693633,6.922084,34.027778,288
DE_LU-AT,ntc,31,-1.136930,-0.693633,4.150427,14.930556,288
DE_LU-CH,ntc,31,-1.136930,-0.693633,4.459097,24.652778,288
FR-BE,ntc,31,-1.136930,-0.693633,-7.615566,46.527778,288
FR-CH,ntc,31,-1.136930,-0.693633,-10.078553,42.361111,288
NL-BE,ntc,31,-1.136930,-0.693633,2.330094,25.347222,288
AT-CH,ntc,31,-1.136930,-0.693633,0.308670,21.875000,288
AT-CZ,ntc,31,-1.136930,-0.693633,-8.717571,45.486111,288
CZ-PL,ntc,31,-1.136930,-0.693633,-7.054732,54.513889,288
DE_LU-FR,ntc,32,-1.005003,-0.270930,15.405436,64.583333,288
DE_LU-PL,ntc,32,-1.005003,-0.270930,-11.889394,65.625000,288
DE_LU-CZ,ntc,32,-1.005003,-0.270930,-4.675915,35.763889,288
DE_LU-NL,ntc,32,-1.005003,-0.270930,4.675074,22.222222,288
DE_LU-BE,ntc,32,-1.005003,-0.270930,7.210024,34.375000,288
DE_LU-AT,ntc,32,-1.005003,-0.270930,4.205067,14.930556,288
DE_LU-CH,ntc,32,-1.005003,-0.270930,4.699114,24.652778,288
FR-BE,ntc,32,-1.005003,-0.270930,-8.195412,46.527778,288
FR-CH,ntc,32,-1.005003,-0.270930,-10.706322,42.361111,288
NL-BE,ntc,32,-1.005003,-0.270930,2.534950,25.694444,288
AT-CH,ntc,32,-1.005003,-0.270930,0.494047,21.875000,288
AT-CZ,ntc,32,-1.005003,-0.270930,-8.880982,45.486111,288
CZ-PL,ntc,32,-1.005003,-0.270930,-7.213480,53.472222,288
DE_LU-FR,ntc,33,1.275404,1.810060,22.188068,53.472222,288
DE_LU-PL,ntc,33,1.275404,1.810060,-9.028832,44.097222,288
DE_LU-CZ,ntc,33,1.275404,1.810060,-2.122105,28.125000,288
DE_LU-NL,ntc,33,1.275404,1.810060,4.765449,18.402778,288
DE_LU-BE,ntc,33,1.275404,1.810060,8.213762,26.388889,288
DE_LU-AT,ntc,33,1.275404,1.810060,3.742807,12.500000,288
DE_LU-CH,ntc,33,1.275404,1.810060,6.216391,22.916667,288
FR-BE,ntc,33,1.275404,1.810060,-13.974306,38.888889,288
FR-CH,ntc,33,1.275404,1.810060,-15.971677,32.291667,288
NL-BE,ntc,33,1.275404,1.810060,3.448313,19.791667,288
AT-CH,ntc,33,1.275404,1.810060,2.473584,18.750000,288
AT-CZ,ntc,33,1.275404,1.810060,-5.864912,33.333333,288
CZ-PL,ntc,33,1.275404,1.810060,-6.906727,37.847222,288
DE_LU-FR,ntc,34,0.781727,0.758113,19.388776,54.513889,288
DE_LU-PL,ntc,34,0.781727,0.758113,-8.481273,45.486111,288
DE_LU-CZ,ntc,34,0.781727,0.758113,-2.152281,27.430556,288
DE_LU-NL,ntc,34,0.781727,0.758113,4.312193,17.013889,288
DE_LU-BE,ntc,34,0.781727,0.758113,7.407905,26.736111,288
DE_LU-AT,ntc,34,0.781727,0.758113,3.563684,11.805556,288
DE_LU-CH,ntc,34,0.781727,0.758113,5.417598,22.569444,288
FR-BE,ntc,34,0.781727,0.758113,-11.980872,38.888889,288
FR-CH,ntc,34,0.781727,0.758113,-13.971178,33.333333,288
NL-BE,ntc,34,0.781727,0.758113,3.095711,21.875000,288
AT-CH,ntc,34,0.781727,0.758113,1.853914,19.097222,288
AT-CZ,ntc,34,0.781727,0.758113,-5.715965,33.680556,288
CZ-PL,ntc,34,0.781727,0.758113,-6.328992,40.277778,288
DE_LU-FR,ntc,35,-0.089200,2.308047,21.442247,63.541667,288
DE_LU-PL,ntc,35,-0.089200,2.308047,-13.215837,60.763889,288
DE_LU-CZ,ntc,35,-0.089200,2.308047,-4.964045,33.333333,288
DE_LU-NL,ntc,35,-0.089200,2.308047,5.411932,23.263889,288
DE_LU-BE,ntc,35,-0.089200,2.308047,9.112541,34.722222,288
DE_LU-AT,ntc,35,-0.089200,2.308047,4.627826,15.277778,288
DE_LU-CH,ntc,35,-0.089200,2.308047,6.356933,24.652778,288
FR-BE,ntc,35,-0.089200,2.308047,-12.329706,45.138889,288
FR-CH,ntc,35,-0.089200,2.308047,-15.085314,40.972222,288
NL-BE,ntc,35,-0.089200,2.308047,3.700608,25.347222,288
AT-CH,ntc,35,-0.089200,2.308047,1.729107,21.527778,288
AT-CZ,ntc,35,-0.089200,2.308047,-9.591871,43.402778,288
CZ-PL,ntc,35,-0.089200,2.308047,-8.251792,51.388889,288
DE_LU-FR,ntc,36,-0.744382,-1.086713,13.797890,62.847222,288
DE_LU-PL,ntc,36,-0.744382,-1.086713,-9.656887,60.763889,288
DE_LU-CZ,ntc,36,-0.744382,-1.086713,-3.532124,32.986111,288
DE_LU-NL,ntc,36,-0.744382,-1.086713,4.075437,21.875000,288
DE_LU-BE,ntc,36,-0.744382,-1.086713,6.293847,33.333333,288
DE_LU-AT,ntc,36,-0.744382,-1.086713,3.705136,15.277778,288
DE_LU-CH,ntc,36,-0.744382,-1.086713,4.081763,24.652778,288
FR-BE,ntc,36,-0.744382,-1.086713,-7.504043,45.138889,288
FR-CH,ntc,36,-0.744382,-1.086713,-9.716127,40.277778,288
NL-BE,ntc,36,-0.744382,-1.086713,2.218410,24.652778,288
AT-CH,ntc,36,-0.744382,-1.086713,0.376627,21.527778,288
AT-CZ,ntc,36,-0.744382,-1.086713,-7.237260,43.055556,288
CZ-PL,ntc,36,-0.744382,-1.086713,-6.124763,51.388889,288
DE_LU-FR,ntc,37,0.987486,-0.067784,18.068756,51.736111,288
DE_LU-PL,ntc,37,0.987486,-0.067784,-7.520476,43.750000,288
DE_LU-CZ,ntc,37,0.987486,-0.067784,-1.287532,26.041667,288
DE_LU-NL,ntc,37,0.987486,-0.067784,3.913434,19.097222,288
DE_LU-BE,ntc,37,0.987486,-0.067784,6.618632,26.736111,288
DE_LU-AT,ntc,37,0.987486,-0.067784,3.319443,11.805556,288
DE_LU-CH,ntc,37,0.987486,-0.067784,4.998625,22.569444,288
FR-BE,ntc,37,0.987486,-0.067784,-11.450124,37.847222,288
FR-CH,ntc,37,0.987486,-0.067784,-13.070131,30.902778,288
NL-BE,ntc,37,0.987486,-0.067784,2.705197,19.791667,288
AT-CH,ntc,37,0.987486,-0.067784,1.679183,18.402778,288
AT-CZ,ntc,37,0.987486,-0.067784,-4.606975,30.902778,288
CZ-PL,ntc,37,0.987486,-0.067784,-6.232944,37.500000,288
DE_LU-FR,ntc,38,-0.121814,0.557868,17.673031,61.805556,288
DE_LU-PL,ntc,38,-0.121814,0.557868,-10.360502,55.555556,288
DE_LU-CZ,ntc,38,-0.121814,0.557868,-3.648958,31.597222,288
DE_LU-NL,ntc,38,-0.121814,0.557868,4.486543,20.833333,288
DE_LU-BE,ntc,38,-0.121814,0.557868,7.442264,32.638889,288
DE_LU-AT,ntc,38,-0.121814,0.557868,3.912782,15.277778,288
DE_LU-CH,ntc,38,-0.121814,0.557868,5.156058,24.652778,288
FR-BE,ntc,38,-0.121814,0.557868,-10.230767,43.750000,288
FR-CH,ntc,38,-0.121814,0.557868,-12.516973,38.888889,288
NL-BE,ntc,38,-0.121814,0.557868,2.955722,24.305556,288
AT-CH,ntc,38,-0.121814,0.557868,1.243276,21.527778,288
AT-CZ,ntc,38,-0.121814,0.557868,-7.561740,41.666667,288
CZ-PL,ntc,38,-0.121814,0.557868,-6.711544,47.916667,288
DE_LU-FR,ntc,39,-0.297779,-0.250337,15.787033,61.458333,288
DE_LU-PL,ntc,39,-0.297779,-0.250337,-9.639071,55.208333,288
DE_LU-CZ,ntc,39,-0.297779,-0.250337,-3.366433,31.250000,288
DE_LU-NL,ntc,39,-0.297779,-0.250337,4.143789,20.833333,288
DE_LU-BE,ntc,39,-0.297779,-0.250337,6.749027,32.638889,288
DE_LU-AT,ntc,39,-0.297779,-0.250337,3.719566,14.930556,288
DE_LU-CH,ntc,39,-0.297779,-0.250337,4.603353,24.652778,288
FR-BE,ntc,39,-0.297779,-0.250337,-9.038006,43.402778,288
FR-CH,ntc,39,-0.297779,-0.250337,-11.183680,38.541667,288
NL-BE,ntc,39,-0.297779,-0.250337,2.605238,24.305556,288
AT-CH,ntc,39,-0.297779,-0.250337,0.883786,21.527778,288
AT-CZ,ntc,39,-0.297779,-0.250337,-7.086000,40.972222,288
CZ-PL,ntc,39,-0.297779,-0.250337,-6.272638,47.222222,288
DE_LU-FR,ntc,40,0.580996,0.974336,19.495379,56.944444,288
DE_LU-PL,ntc,40,0.580996,0.974336,-9.077225,45.486111,288
DE_LU-CZ,ntc,40,0.580996,0.974336,-2.691355,29.861111,288
DE_LU-NL,ntc,40,0.580996,0.974336,4.412618,19.097222,288
DE_LU-BE,ntc,40,0.580996,0.974336,7.614575,27.777778,288
DE_LU-AT,ntc,40,0.580996,0.974336,3.694810,12.500000,288
DE_LU-CH,ntc,40,0.580996,0.974336,5.518252,23.263889,288
FR-BE,ntc,40,0.580996,0.974336,-11.880803,40.972222,288
FR-CH,ntc,40,0.580996,0.974336,-13.977127,35.069444,288
NL-BE,ntc,40,0.580996,0.974336,3.201958,22.569444,288
AT-CH,ntc,40,0.580996,0.974336,1.823442,19.444444,288
AT-CZ,ntc,40,0.580996,0.974336,-6.386165,37.152778,288
CZ-PL,ntc,40,0.580996,0.974336,-6.385870,39.930556,288
DE_LU-FR,ntc,41,-0.158012,-0.715770,15.030810,58.680556,288
DE_LU-PL,ntc,41,-0.158012,-0.715770,-8.537957,49.652778,288
DE_LU-CZ,ntc,41,-0.158012,-0.715770,-2.799752,30.902778,288
DE_LU-NL,ntc,41,-0.158012,-0.715770,3.811559,19.791667,288
DE_LU-BE,ntc,41,-0.158012,-0.715770,6.274807,29.513889,288
DE_LU-AT,ntc,41,-0.158012,-0.715770,3.494082,13.541667,288
DE_LU-CH,ntc,41,-0.158012,-0.715770,4.314809,23.958333,288
FR-BE,ntc,41,-0.158012,-0.715770,-8.756004,42.361111,288
FR-CH,ntc,41,-0.158012,-0.715770,-10.716001,36.111111,288
NL-BE,ntc,41,-0.158012,-0.715770,2.463248,22.916667,288
AT-CH,ntc,41,-0.158012,-0.715770,0.820727,19.791667,288
AT-CZ,ntc,41,-0.158012,-0.715770,-6.293834,39.236111,288
CZ-PL,ntc,41,-0.158012,-0.715770,-5.738205,44.097222,288
DE_LU-FR,ntc,42,-1.443540,-1.096104,13.590591,65.625000,288
DE_LU-PL,ntc,42,-1.443540,-1.096104,-12.051032,68.750000,288
DE_LU-CZ,ntc,42,-1.443540,-1.096104,-4.880251,36.111111,288
DE_LU-NL,ntc,42,-1.443540,-1.096104,4.671223,23.958333,288
DE_LU-BE,ntc,42,-1.443540,-1.096104,6.708421,34.722222,288
DE_LU-AT,ntc,42,-1.443540,-1.096104,4.132080,15.277778,288
DE_LU-CH,ntc,42,-1.443540,-1.096104,4.156537,25.000000,288
FR-BE,ntc,42,-1.443540,-1.096104,-6.882170,46.875000,288
FR-CH,ntc,42,-1.443540,-1.096104,-9.434054,43.055556,288
NL-BE,ntc,42,-1.443540,-1.096104,2.037198,25.694444,288
AT-CH,ntc,42,-1.443540,-1.096104,0.024456,21.875000,288
AT-CZ,ntc,42,-1.443540,-1.096104,-9.012331,45.138889,288
CZ-PL,ntc,42,-1.443540,-1.096104,-7.170781,55.902778,288
DE_LU-FR,ntc,43,-0.236189,0.314682,17.033298,61.458333,288
DE_LU-PL,ntc,43,-0.236189,0.314682,-10.324374,54.861111,288
DE_LU-CZ,ntc,43,-0.236189,0.314682,-3.673895,31.250000,288
DE_LU-NL,ntc,43,-0.236189,0.314682,4.415159,21.180556,288
DE_LU-BE,ntc,43,-0.236189,0.314682,7.263136,33.333333,288
DE_LU-AT,ntc,43,-0.236189,0.314682,3.903906,15.277778,288
DE_LU-CH,ntc,43,-0.236189,0.314682,5.005062,24.652778,288
FR-BE,ntc,43,-0.236189,0.314682,-9.770162,43.750000,288
FR-CH,ntc,43,-0.236189,0.314682,-12.028236,38.888889,288
NL-BE,ntc,43,-0.236189,0.314682,2.847977,25.000000,288
AT-CH,ntc,43,-0.236189,0.314682,1.101156,21.527778,288
AT-CZ,ntc,43,-0.236189,0.314682,-7.577802,41.319444,288
CZ-PL,ntc,43,-0.236189,0.314682,-6.650479,47.222222,288
DE_LU-FR,ntc,44,0.086571,0.184545,17.198757,58.680556,288
DE_LU-PL,ntc,44,0.086571,0.184545,-9.138214,50.347222,288
DE_LU-CZ,ntc,44,0.086571,0.184545,-3.010702,30.902778,288
DE_LU-NL,ntc,44,0.086571,0.184545,4.196693,20.486111,288
DE_LU-BE,ntc,44,0.086571,0.184545,7.012199,29.513889,288
DE_LU-AT,ntc,44,0.086571,0.184545,3.664708,13.194444,288
DE_LU-CH,ntc,44,0.086571,0.184545,4.927534,23.958333,288
FR-BE,ntc,44,0.086571,0.184545,-10.186557,42.361111,288
FR-CH,ntc,44,0.086571,0.184545,-12.271222,36.458333,288
NL-BE,ntc,44,0.086571,0.184545,2.815507,23.263889,288
AT-CH,ntc,44,0.086571,0.184545,1.262827,19.444444,288
AT-CZ,ntc,44,0.086571,0.184545,-6.675409,38.888889,288
CZ-PL,ntc,44,0.086571,0.184545,-6.127512,44.791667,288
DE_LU-FR,ntc,45,0.494676,0.221072,17.899194,56.597222,288
DE_LU-PL,ntc,45,0.494676,0.221072,-8.338183,45.138889,288
DE_LU-CZ,ntc,45,0.494676,0.221072,-2.255214,28.819444,288
DE_LU-NL,ntc,45,0.494676,0.221072,4.103993,17.708333,288
DE_LU-BE,ntc,45,0.494676,0.221072,7.014204,27.430556,288
DE_LU-AT,ntc,45,0.494676,0.221072,3.499181,11.805556,288
DE_LU-CH,ntc,45,0.494676,0.221072,5.009962,22.569444,288
FR-BE,ntc,45,0.494676,0.221072,-10.884990,40.972222,288
FR-CH,ntc,45,0.494676,0.221072,-12.889232,35.069444,288
NL-BE,ntc,45,0.494676,0.221072,2.910210,22.222222,288
AT-CH,ntc,45,0.494676,0.221072,1.510782,19.444444,288
AT-CZ,ntc,45,0.494676,0.221072,-5.754395,36.111111,288
CZ-PL,ntc,45,0.494676,0.221072,-6.082969,40.625000,288
DE_LU-FR,ntc,46,-0.022110,0.393309,17.451116,59.722222,288
DE_LU-PL,ntc,46,-0.022110,0.393309,-9.789048,53.125000,288
DE_LU-CZ,ntc,46,-0.022110,0.393309,-3.353700,30.208333,288
DE_LU-NL,ntc,46,-0.022110,0.393309,4.343610,21.180556,288
DE_LU-BE,ntc,46,-0.022110,0.393309,7.233470,31.250000,288
DE_LU-AT,ntc,46,-0.022110,0.393309,3.782383,13.888889,288
DE_LU-CH,ntc,46,-0.022110,0.393309,5.045069,24.305556,288
FR-BE,ntc,46,-0.022110,0.393309,-10.217646,42.708333,288
FR-CH,ntc,46,-0.022110,0.393309,-12.406047,37.500000,288
NL-BE,ntc,46,-0.022110,0.393309,2.889860,23.611111,288
AT-CH,ntc,46,-0.022110,0.393309,1.262686,20.486111,288
AT-CZ,ntc,46,-0.022110,0.393309,-7.136083,39.236111,288
CZ-PL,ntc,46,-0.022110,0.393309,-6.435348,46.875000,288
DE_LU-FR,ntc,47,-0.330310,-0.796405,14.652109,59.722222,288
DE_LU-PL,ntc,47,-0.330310,-0.796405,-8.912235,53.125000,288
DE_LU-CZ,ntc,47,-0.330310,-0.796405,-3.035262,30.555556,288
DE_LU-NL,ntc,47,-0.330310,-0.796405,3.866999,20.486111,288
DE_LU-BE,ntc,47,-0.330310,-0.796405,6.254748,31.250000,288
DE_LU-AT,ntc,47,-0.330310,-0.796405,3.534615,13.541667,288
DE_LU-CH,ntc,47,-0.330310,-0.796405,4.234744,24.305556,288
FR-BE,ntc,47,-0.330310,-0.796405,-8.397360,42.708333,288
FR-CH,ntc,47,-0.330310,-0.796405,-10.417365,37.500000,288
NL-BE,ntc,47,-0.330310,-0.796405,2.387749,23.611111,288
AT-CH,ntc,47,-0.330310,-0.796405,0.700128,20.486111,288
AT-CZ,ntc,47,-0.330310,-0.796405,-6.569877,39.236111,288
CZ-PL,ntc,47,-0.330310,-0.796405,-5.876973,46.180556,288
DE_LU-FR,ntc,48,0.456290,0.616913,18.587097,57.291667,288
DE_LU-PL,ntc,48,0.456290,0.616913,-8.876381,45.833333,288
DE_LU-CZ,ntc,48,0.456290,0.616913,-2.666856,30.555556,288
DE_LU-NL,ntc,48,0.456290,0.616913,4.276363,19.097222,288
DE_LU-BE,ntc,48,0.456290,0.616913,7.328090,27.777778,288
DE_LU-AT,ntc,48,0.456290,0.616913,3.632451,12.500000,288
DE_LU-CH,ntc,48,0.456290,0.616913,5.259988,23.611111,288
FR-BE,ntc,48,0.456290,0.616913,-11.259007,41.319444,288
FR-CH,ntc,48,0.456290,0.616913,-13.327108,35.069444,288
NL-BE,ntc,48,0.456290,0.616913,3.051727,22.569444,288
AT-CH,ntc,48,0.456290,0.616913,1.627537,19.444444,288
AT-CZ,ntc,48,0.456290,0.616913,-6.299307,37.847222,288
CZ-PL,ntc,48,0.456290,0.616913,-6.209525,40.625000,288
DE_LU-FR,ntc,49,1.459019,0.692542,20.264057,50.000000,288
DE_LU-PL,ntc,49,1.459019,0.692542,-7.844812,42.361111,288
DE_LU-CZ,ntc,49,1.459019,0.692542,-1.157468,25.694444,288
DE_LU-NL,ntc,49,1.459019,0.692542,4.167528,19.097222,288
DE_LU-BE,ntc,49,1.459019,0.692542,7.183845,27.083333,288
DE_LU-AT,ntc,49,1.459019,0.692542,3.451300,11.111111,288
DE_LU-CH,ntc,49,1.459019,0.692542,5.620592,20.833333,288
FR-BE,ntc,49,1.459019,0.692542,-13.080211,37.152778,288
FR-CH,ntc,49,1.459019,0.692542,-14.643464,30.902778,288
NL-BE,ntc,49,1.459019,0.692542,3.016317,19.444444,288
AT-CH,ntc,49,1.459019,0.692542,2.169292,18.402778,288
AT-CZ,ntc,49,1.459019,0.692542,-4.608768,28.819444,288
CZ-PL,ntc,49,1.459019,0.692542,-6.687344,37.847222,288
DE_LU-FR,ntc,50,0.022777,0.131268,17.002919,59.027778,288
DE_LU-PL,ntc,50,0.022777,0.131268,-9.237957,50.000000,288
DE_LU-CZ,ntc,50,0.022777,0.131268,-3.081808,30.208333,288
DE_LU-NL,ntc,50,0.022777,0.131268,4.195929,20.486111,288
DE_LU-BE,ntc,50,0.022777,0.131268,6.984717,29.861111,288
DE_LU-AT,ntc,50,0.022777,0.131268,3.676946,13.888889,288
DE_LU-CH,ntc,50,0.022777,0.131268,4.881892,23.958333,288
FR-BE,ntc,50,0.022777,0.131268,-10.018201,42.361111,288
FR-CH,ntc,50,0.022777,0.131268,-12.121027,36.805556,288
NL-BE,ntc,50,0.022777,0.131268,2.788789,23.263889,288
AT-CH,ntc,50,0.022777,0.131268,1.204945,20.138889,288
AT-CZ,ntc,50,0.022777,0.131268,-6.758754,39.236111,288
CZ-PL,ntc,50,0.022777,0.131268,-6.156149,44.444444,288
DE_LU-FR,ntc,51,1.334060,1.687591,22.036516,52.777778,288
DE_LU-PL,ntc,51,1.334060,1.687591,-8.854550,43.402778,288
DE_LU-CZ,ntc,51,1.334060,1.687591,-1.930626,26.736111,288
DE_LU-NL,ntc,51,1.334060,1.687591,4.714927,18.750000,288
DE_LU-BE,ntc,51,1.334060,1.687591,8.112717,26.388889,288
DE_LU-AT,ntc,51,1.334060,1.687591,3.697096,12.152778,288
DE_LU-CH,ntc,51,1.334060,1.687591,6.159328,22.916667,288
FR-BE,ntc,51,1.334060,1.687591,-13.923799,38.194444,288
FR-CH,ntc,51,1.334060,1.687591,-15.877188,31.597222,288
NL-BE,ntc,51,1.334060,1.687591,3.397790,19.444444,288
AT-CH,ntc,51,1.334060,1.687591,2.462232,18.402778,288
AT-CZ,ntc,51,1.334060,1.687591,-5.627722,31.597222,288
CZ-PL,ntc,51,1.334060,1.687591,-6.923924,37.500000,288
DE_LU-FR,ntc,52,-0.479891,0.459232,17.106427,62.500000,288
DE_LU-PL,ntc,52,-0.479891,0.459232,-11.425387,60.416667,288
DE_LU-CZ,ntc,52,-0.479891,0.459232,-4.294004,33.680556,288
DE_LU-NL,ntc,52,-0.479891,0.459232,4.578577,21.527778,288
DE_LU-BE,ntc,52,-0.479891,0.459232,7.495290,33.333333,288
DE_LU-AT,ntc,52,-0.479891,0.459232,4.146851,14.930556,288
DE_LU-CH,ntc,52,-0.479891,0.459232,5.109919,24.305556,288
FR-BE,ntc,52,-0.479891,0.459232,-9.611137,44.791667,288
FR-CH,ntc,52,-0.479891,0.459232,-11.996508,40.277778,288
NL-BE,ntc,52,-0.479891,0.459232,2.916713,25.000000,288
AT-CH,ntc,52,-0.479891,0.459232,0.963068,21.527778,288
AT-CZ,ntc,52,-0.479891,0.459232,-8.440856,43.750000,288
CZ-PL,ntc,52,-0.479891,0.459232,-7.131382,51.041667,288
DE_LU-FR,ntc,53,-0.201312,0.690235,17.873132,62.152778,288
DE_LU-PL,ntc,53,-0.201312,0.690235,-10.812141,57.291667,288
DE_LU-CZ,ntc,53,-0.201312,0.690235,-3.875747,31.944444,288
DE_LU-NL,ntc,53,-0.201312,0.690235,4.600830,21.527778,288
DE_LU-BE,ntc,53,-0.201312,0.690235,7.615438,33.333333,288
DE_LU-AT,ntc,53,-0.201312,0.690235,4.041545,14.930556,288
DE_LU-CH,ntc,53,-0.201312,0.690235,5.267506,24.305556,288
FR-BE,ntc,53,-0.201312,0.690235,-10.257694,44.444444,288
FR-CH,ntc,53,-0.201312,0.690235,-12.605626,39.930556,288
NL-BE,ntc,53,-0.201312,0.690235,3.014608,25.000000,288
AT-CH,ntc,53,-0.201312,0.690235,1.225961,21.527778,288
AT-CZ,ntc,53,-0.201312,0.690235,-7.917292,42.361111,288
CZ-PL,ntc,53,-0.201312,0.690235,-6.936394,49.305556,288
DE_LU-FR,ntc,54,-0.206654,-0.474738,15.460930,59.375000,288
DE_LU-PL,ntc,54,-0.206654,-0.474738,-9.018964,52.777778,288
DE_LU-CZ,ntc,54,-0.206654,-0.474738,-3.053474,30.208333,288
DE_LU-NL,ntc,54,-0.206654,-0.474738,3.964832,20.833333,288
DE_LU-BE,ntc,54,-0.206654,-0.474738,6.497023,30.555556,288
DE_LU-AT,ntc,54,-0.206654,-0.474738,3.585544,13.888889,288
DE_LU-CH,ntc,54,-0.206654,-0.474738,4.462664,24.305556,288
FR-BE,ntc,54,-0.206654,-0.474738,-8.963907,42.708333,288
FR-CH,ntc,54,-0.206654,-0.474738,-10.998266,37.152778,288
NL-BE,ntc,54,-0.206654,-0.474738,2.532190,22.916667,288
AT-CH,ntc,54,-0.206654,-0.474738,0.877121,20.486111,288
AT-CZ,ntc,54,-0.206654,-0.474738,-6.639018,39.236111,288
CZ-PL,ntc,54,-0.206654,-0.474738,-5.965490,46.527778,288
DE_LU-FR,ntc,55,0.656936,-1.405683,15.011247,52.083333,288
DE_LU-PL,ntc,55,0.656936,-1.405683,-6.683988,45.138889,288
DE_LU-CZ,ntc,55,0.656936,-1.405683,-0.912412,25.347222,288
DE_LU-NL,ntc,55,0.656936,-1.405683,3.320273,17.361111,288
DE_LU-BE,ntc,55,0.656936,-1.405683,5.500091,26.736111,288
DE_LU-AT,ntc,55,0.656936,-1.405683,3.082876,11.111111,288
DE_LU-CH,ntc,55,0.656936,-1.405683,4.154587,22.916667,288
FR-BE,ntc,55,0.656936,-1.405683,-9.511156,37.500000,288
FR-CH,ntc,55,0.656936,-1.405683,-10.856660,30.902778,288
NL-BE,ntc,55,0.656936,-1.405683,2.179818,20.138889,288
AT-CH,ntc,55,0.656936,-1.405683,1.071711,18.402778,288
AT-CZ,ntc,55,0.656936,-1.405683,-3.995288,29.861111,288
CZ-PL,ntc,55,0.656936,-1.405683,-5.771576,38.541667,288
DE_LU-FR,ntc,56,0.102862,-1.652424,13.631765,53.125000,288
DE_LU-PL,ntc,56,0.102862,-1.652424,-7.004858,43.750000,288
DE_LU-CZ,ntc,56,0.102862,-1.652424,-1.589810,28.472222,288
DE_LU-NL,ntc,56,0.102862,-1.652424,3.300203,16.666667,288
DE_LU-BE,ntc,56,0.102862,-1.652424,5.439095,27.083333,288
DE_LU-AT,ntc,56,0.102862,-1.652424,3.110690,11.111111,288
DE_LU-CH,ntc,56,0.102862,-1.652424,3.771047,22.222222,288
FR-BE,ntc,56,0.102862,-1.652424,-8.192670,37.847222,288
FR-CH,ntc,56,0.102862,-1.652424,-9.860718,32.291667,288
NL-BE,ntc,56,0.102862,-1.652424,2.138893,21.875000,288
AT-CH,ntc,56,0.102862,-1.652424,0.660357,18.750000,288
AT-CZ,ntc,56,0.102862,-1.652424,-4.700500,34.375000,288
CZ-PL,ntc,56,0.102862,-1.652424,-5.415048,38.541667,288
DE_LU-FR,ntc,57,-0.935771,-0.427069,15.109216,64.583333,288
DE_LU-PL,ntc,57,-0.935771,-0.427069,-11.381298,64.583333,288
DE_LU-CZ,ntc,57,-0.935771,-0.427069,-4.420294,35.416667,288
DE_LU-NL,ntc,57,-0.935771,-0.427069,4.549572,22.916667,288
DE_LU-BE,ntc,57,-0.935771,-0.427069,7.026936,34.375000,288
DE_LU-AT,ntc,57,-0.935771,-0.427069,4.105715,14.930556,288
DE_LU-CH,ntc,57,-0.935771,-0.427069,4.566400,24.652778,288
FR-BE,ntc,57,-0.935771,-0.427069,-8.082279,46.527778,288
FR-CH,ntc,57,-0.935771,-0.427069,-10.542816,42.361111,288
NL-BE,ntc,57,-0.935771,-0.427069,2.477364,25.694444,288
AT-CH,ntc,57,-0.935771,-0.427069,0.460685,21.875000,288
AT-CZ,ntc,57,-0.935771,-0.427069,-8.526008,45.486111,288
CZ-PL,ntc,57,-0.935771,-0.427069,-6.961004,53.472222,288
DE_LU-FR,ntc,58,-0.684515,-0.987008,14.018696,62.847222,288
DE_LU-PL,ntc,58,-0.684515,-0.987008,-9.639517,60.069444,288
DE_LU-CZ,ntc,58,-0.684515,-0.987008,-3.499109,32.986111,288
DE_LU-NL,ntc,58,-0.684515,-0.987008,4.084280,21.875000,288
DE_LU-BE,ntc,58,-0.684515,-0.987008,6.353587,33.333333,288
DE_LU-AT,ntc,58,-0.684515,-0.987008,3.689947,15.277778,288
DE_LU-CH,ntc,58,-0.684515,-0.987008,4.135195,24.652778,288
FR-BE,ntc,58,-0.684515,-0.987008,-7.665109,44.791667,288
FR-CH,ntc,58,-0.684515,-0.987008,-9.883500,40.277778,288
NL-BE,ntc,58,-0.684515,-0.987008,2.269307,24.652778,288
AT-CH,ntc,58,-0.684515,-0.987008,0.445249,21.527778,288
AT-CZ,ntc,58,-0.684515,-0.987008,-7.189055,43.055556,288
CZ-PL,ntc,58,-0.684515,-0.987008,-6.140408,50.694444,288
DE_LU-FR,ntc,59,-0.549305,0.367226,16.865520,64.583333,288
DE_LU-PL,ntc,59,-0.549305,0.367226,-11.496442,61.111111,288
DE_LU-CZ,ntc,59,-0.549305,0.367226,-4.362943,33.680556,288
DE_LU-NL,ntc,59,-0.549305,0.367226,4.577324,22.569444,288
DE_LU-BE,ntc,59,-0.549305,0.367226,7.447501,34.722222,288
DE_LU-AT,ntc,59,-0.549305,0.367226,4.153956,15.277778,288
DE_LU-CH,ntc,59,-0.549305,0.367226,5.043238,25.000000,288
FR-BE,ntc,59,-0.549305,0.367226,-9.418019,45.486111,288
FR-CH,ntc,59,-0.549305,0.367226,-11.822281,41.666667,288
NL-BE,ntc,59,-0.549305,0.367226,2.870177,25.694444,288
AT-CH,ntc,59,-0.549305,0.367226,0.889283,22.222222,288
AT-CZ,ntc,59,-0.549305,0.367226,-8.516899,43.750000,288
CZ-PL,ntc,59,-0.549305,0.367226,-7.133499,51.388889,288
DE_LU-FR,ntc,60,-0.619270,0.740180,17.611040,64.583333,288
DE_LU-PL,ntc,60,-0.619270,0.740180,-12.404289,63.541667,288
DE_LU-CZ,ntc,60,-0.619270,0.740180,-4.820021,35.069444,288
DE_LU-NL,ntc,60,-0.619270,0.740180,4.825625,23.263889,288
DE_LU-BE,ntc,60,-0.619270,0.740180,7.861741,35.069444,288
DE_LU-AT,ntc,60,-0.619270,0.740180,4.356898,15.277778,288
DE_LU-CH,ntc,60,-0.619270,0.740180,5.319503,25.000000,288
FR-BE,ntc,60,-0.619270,0.740180,-9.749299,45.486111,288
FR-CH,ntc,60,-0.619270,0.740180,-12.291537,41.666667,288
NL-BE,ntc,60,-0.619270,0.740180,3.036116,25.694444,288
AT-CH,ntc,60,-0.619270,0.740180,0.962605,22.222222,288
AT-CZ,ntc,60,-0.619270,0.740180,-9.176919,45.138889,288
CZ-PL,ntc,60,-0.619270,0.740180,-7.584268,52.430556,288
DE_LU-FR,ntc,61,-0.379534,1.170664,18.733178,63.541667,288
DE_LU-PL,ntc,61,-0.379534,1.170664,-12.302201,61.458333,288
DE_LU-CZ,ntc,61,-0.379534,1.170664,-4.677235,34.027778,288
DE_LU-NL,ntc,61,-0.379534,1.170664,4.913979,22.916667,288
DE_LU-BE,ntc,61,-0.379534,1.170664,8.136348,34.722222,288
DE_LU-AT,ntc,61,-0.379534,1.170664,4.368362,15.277778,288
DE_LU-CH,ntc,61,-0.379534,1.170664,5.586356,24.652778,288
FR-BE,ntc,61,-0.379534,1.170664,-10.596830,44.791667,288
FR-CH,ntc,61,-0.379534,1.170664,-13.146822,40.972222,288
NL-BE,ntc,61,-0.379534,1.170664,3.222369,25.347222,288
AT-CH,ntc,61,-0.379534,1.170664,1.217994,21.527778,288
AT-CZ,ntc,61,-0.379534,1.170664,-9.045597,44.097222,288
CZ-PL,ntc,61,-0.379534,1.170664,-7.624966,51.041667,288
DE_LU-FR,ntc,62,1.765113,-0.386586,18.746008,47.916667,288
DE_LU-PL,ntc,62,1.765113,-0.386586,-6.834866,41.319444,288
DE_LU-CZ,ntc,62,1.765113,-0.386586,-0.163414,25.347222,288
DE_LU-NL,ntc,62,1.765113,-0.386586,3.505838,18.402778,288
DE_LU-BE,ntc,62,1.765113,-0.386586,6.054580,25.000000,288
DE_LU-AT,ntc,62,1.765113,-0.386586,3.284423,11.458333,288
DE_LU-CH,ntc,62,1.765113,-0.386586,5.439782,21.180556,288
FR-BE,ntc,62,1.765113,-0.386586,-12.691428,37.500000,288
FR-CH,ntc,62,1.765113,-0.386586,-13.306226,28.472222,288
NL-BE,ntc,62,1.765113,-0.386586,2.548742,16.666667,288
AT-CH,ntc,62,1.765113,-0.386586,2.155359,19.097222,288
AT-CZ,ntc,62,1.765113,-0.386586,-3.447837,26.736111,288
CZ-PL,ntc,62,1.765113,-0.386586,-6.671451,38.888889,288
DE_LU-FR,ntc,63,0.221338,0.147888,17.281835,57.291667,288
DE_LU-PL,ntc,63,0.221338,0.147888,-8.776299,47.569444,288
DE_LU-CZ,ntc,63,0.221338,0.147888,-2.762241,30.555556,288
DE_LU-NL,ntc,63,0.221338,0.147888,4.114791,19.444444,288
DE_LU-BE,ntc,63,0.221338,0.147888,6.945134,28.125000,288
DE_LU-AT,ntc,63,0.221338,0.147888,3.592925,13.194444,288
DE_LU-CH,ntc,63,0.221338,0.147888,4.912085,23.611111,288
FR-BE,ntc,63,0.221338,0.147888,-10.336700,41.319444,288
FR-CH,ntc,63,0.221338,0.147888,-12.369750,35.069444,288
NL-BE,ntc,63,0.221338,0.147888,2.830343,22.916667,288
AT-CH,ntc,63,0.221338,0.147888,1.319160,19.444444,288
AT-CZ,ntc,63,0.221338,0.147888,-6.355166,38.541667,288
CZ-PL,ntc,63,0.221338,0.147888,-6.014058,42.361111,288
DE_LU-FR,ntc,64,-1.176453,-1.301087,13.268912,64.236111,288
DE_LU-PL,ntc,64,-1.176453,-1.301087,-10.740374,65.625000,288
DE_LU-CZ,ntc,64,-1.176453,-1.301087,-4.187048,35.763889,288
DE_LU-NL,ntc,64,-1.176453,-1.301087,4.350846,22.222222,288
DE_LU-BE,ntc,64,-1.176453,-1.301087,6.399109,33.680556,288
DE_LU-AT,ntc,64,-1.176453,-1.301087,3.952662,14.930556,288
DE_LU-CH,ntc,64,-1.176453,-1.301087,4.034301,24.652778,288
FR-BE,ntc,64,-1.176453,-1.301087,-6.869803,46.527778,288
FR-CH,ntc,64,-1.176453,-1.301087,-9.234611,42.013889,288
NL-BE,ntc,64,-1.176453,-1.301087,2.048263,25.347222,288
AT-CH,ntc,64,-1.176453,-1.301087,0.081639,21.875000,288
AT-CZ,ntc,64,-1.176453,-1.301087,-8.139710,46.180556,288
CZ-PL,ntc,64,-1.176453,-1.301087,-6.553326,54.166667,288
DE_LU-FR,ntc,65,-1.073413,-0.395793,15.135542,64.583333,288
DE_LU-PL,ntc,65,-1.073413,-0.395793,-11.905645,65.972222,288
DE_LU-CZ,ntc,65,-1.073413,-0.395793,-4.683495,35.763889,288
DE_LU-NL,ntc,65,-1.073413,-0.395793,4.670896,22.569444,288
DE_LU-BE,ntc,65,-1.073413,-0.395793,7.140600,34.375000,288
DE_LU-AT,ntc,65,-1.073413,-0.395793,4.215087,14.930556,288
DE_LU-CH,ntc,65,-1.073413,-0.395793,4.645412,24.652778,288
FR-BE,ntc,65,-1.073413,-0.395793,-7.994942,46.527778,288
FR-CH,ntc,65,-1.073413,-0.395793,-10.490130,42.361111,288
NL-BE,ntc,65,-1.073413,-0.395793,2.469704,25.694444,288
AT-CH,ntc,65,-1.073413,-0.395793,0.430325,21.875000,288
AT-CZ,ntc,65,-1.073413,-0.395793,-8.898582,45.486111,288
CZ-PL,ntc,65,-1.073413,-0.395793,-7.222150,54.166667,288
DE_LU-FR,ntc,66,0.710821,-0.130352,17.555934,53.125000,288
DE_LU-PL,ntc,66,0.710821,-0.130352,-7.710158,44.791667,288
DE_LU-CZ,ntc,66,0.710821,-0.130352,-1.638844,27.083333,288
DE_LU-NL,ntc,66,0.710821,-0.130352,3.935939,18.055556,288
DE_LU-BE,ntc,66,0.710821,-0.130352,6.654010,27.083333,288
DE_LU-AT,ntc,66,0.710821,-0.130352,3.356826,11.805556,288
DE_LU-CH,ntc,66,0.710821,-0.130352,4.861946,22.916667,288
FR-BE,ntc,66,0.710821,-0.130352,-10.901924,38.194444,288
FR-CH,ntc,66,0.710821,-0.130352,-12.693989,31.944444,288
NL-BE,ntc,66,0.710821,-0.130352,2.718071,20.833333,288
AT-CH,ntc,66,0.710821,-0.130352,1.505120,18.750000,288
AT-CZ,ntc,66,0.710821,-0.130352,-4.995670,32.291667,288
CZ-PL,ntc,66,0.710821,-0.130352,-6.071314,39.236111,288
DE_LU-FR,ntc,67,0.158731,-0.540829,15.805006,56.597222,288
DE_LU-PL,ntc,67,0.158731,-0.540829,-8.096137,45.833333,288
DE_LU-CZ,ntc,67,0.158731,-0.540829,-2.376293,30.208333,288
DE_LU-NL,ntc,67,0.158731,-0.540829,3.794074,19.097222,288
DE_LU-BE,ntc,67,0.158731,-0.540829,6.372123,27.777778,288
DE_LU-AT,ntc,67,0.158731,-0.540829,3.393077,12.847222,288
DE_LU-CH,ntc,67,0.158731,-0.540829,4.445564,22.916667,288
FR-BE,ntc,67,0.158731,-0.540829,-9.432882,40.625000,288
FR-CH,ntc,67,0.158731,-0.540829,-11.359442,35.069444,288
NL-BE,ntc,67,0.158731,-0.540829,2.578050,22.569444,288
AT-CH,ntc,67,0.158731,-0.540829,1.052487,19.444444,288
AT-CZ,ntc,67,0.158731,-0.540829,-5.769370,37.847222,288
CZ-PL,ntc,67,0.158731,-0.540829,-5.719844,40.625000,288
DE_LU-FR,ntc,68,1.743400,-0.645626,18.214274,47.916667,288
DE_LU-PL,ntc,68,1.743400,-0.645626,-6.636046,40.625000,288
DE_LU-CZ,ntc,68,1.743400,-0.645626,-0.054562,25.347222,288
DE_LU-NL,ntc,68,1.743400,-0.645626,3.371374,17.361111,288
DE_LU-BE,ntc,68,1.743400,-0.645626,5.813164,25.000000,288
DE_LU-AT,ntc,68,1.743400,-0.645626,3.241056,11.458333,288
DE_LU-CH,ntc,68,1.743400,-0.645626,5.317370,21.180556,288
FR-BE,ntc,68,1.743400,-0.645626,-12.401110,37.500000,288
FR-CH,ntc,68,1.743400,-0.645626,-12.896904,28.472222,288
NL-BE,ntc,68,1.743400,-0.645626,2.441789,16.666667,288
AT-CH,ntc,68,1.743400,-0.645626,2.076314,19.097222,288
AT-CZ,ntc,68,1.743400,-0.645626,-3.295618,26.736111,288
CZ-PL,ntc,68,1.743400,-0.645626,-6.581484,38.194444,288
DE_LU-FR,ntc,69,-0.869565,-2.062660,11.832893,61.805556,288
DE_LU-PL,ntc,69,-0.869565,-2.062660,-8.512832,55.902778,288
DE_LU-CZ,ntc,69,-0.869565,-2.062660,-3.049054,33.333333,288
DE_LU-NL,ntc,69,-0.869565,-2.062660,3.725938,22.222222,288
DE_LU-BE,ntc,69,-0.869565,-2.062660,5.515627,32.638889,288
DE_LU-AT,ntc,69,-0.869565,-2.062660,3.422826,15.277778,288
DE_LU-CH,ntc,69,-0.869565,-2.062660,3.436610,25.000000,288
FR-BE,ntc,69,-0.869565,-2.062660,-6.317265,44.444444,288
FR-CH,ntc,69,-0.869565,-2.062660,-8.396282,39.236111,288
NL-BE,ntc,69,-0.869565,-2.062660,1.789689,24.305556,288
AT-CH,ntc,69,-0.869565,-2.062660,0.013784,21.527778,288
AT-CZ,ntc,69,-0.869565,-2.062660,-6.471880,43.055556,288
CZ-PL,ntc,69,-0.869565,-2.062660,-5.463778,47.222222,288
DE_LU-FR,ntc,70,-0.411622,1.072182,18.485291,63.541667,288
DE_LU-PL,ntc,70,-0.411622,1.072182,-12.248646,61.458333,288
DE_LU-CZ,ntc,70,-0.411622,1.072182,-4.667785,34.027778,288
DE_LU-NL,ntc,70,-0.411622,1.072182,4.869300,22.916667,288
DE_LU-BE,ntc,70,-0.411622,1.072182,8.050653,34.722222,288
DE_LU-AT,ntc,70,-0.411622,1.072182,4.349961,15.277778,288
DE_LU-CH,ntc,70,-0.411622,1.072182,5.519570,24.652778,288
FR-BE,ntc,70,-0.411622,1.072182,-10.434638,44.791667,288
FR-CH,ntc,70,-0.411622,1.072182,-12.965721,40.972222,288
NL-BE,ntc,70,-0.411622,1.072182,3.181353,25.347222,288
AT-CH,ntc,70,-0.411622,1.072182,1.169610,21.527778,288
AT-CZ,ntc,70,-0.411622,1.072182,-9.017745,44.097222,288
CZ-PL,ntc,70,-0.411622,1.072182,-7.580861,51.041667,288
DE_LU-FR,ntc,71,0.845476,-0.161735,17.678548,52.777778,288
DE_LU-PL,ntc,71,0.845476,-0.161735,-7.552186,44.444444,288
DE_LU-CZ,ntc,71,0.845476,-0.161735,-1.418428,26.388889,288
DE_LU-NL,ntc,71,0.845476,-0.161735,3.906013,19.097222,288
DE_LU-BE,ntc,71,0.845476,-0.161735,6.575001,26.736111,288
DE_LU-AT,ntc,71,0.845476,-0.161735,3.330328,12.152778,288
DE_LU-CH,ntc,71,0.845476,-0.161735,4.895637,23.263889,288
FR-BE,ntc,71,0.845476,-0.161735,-11.103547,38.194444,288
FR-CH,ntc,71,0.845476,-0.161735,-12.782911,31.250000,288
NL-BE,ntc,71,0.845476,-0.161735,2.668988,20.138889,288
AT-CH,ntc,71,0.845476,-0.161735,1.565309,18.750000,288
AT-CZ,ntc,71,0.845476,-0.161735,-4.748756,31.250000,288
CZ-PL,ntc,71,0.845476,-0.161735,-6.133758,38.541667,288
DE_LU-FR,ntc,72,0.886412,-0.474531,17.127852,51.736111,288
DE_LU-PL,ntc,72,0.886412,-0.474531,-7.245233,43.402778,288
DE_LU-CZ,ntc,72,0.886412,-0.474531,-1.166560,25.694444,288
DE_LU-NL,ntc,72,0.886412,-0.474531,3.731084,18.750000,288
DE_LU-BE,ntc,72,0.886412,-0.474531,6.275412,26.388889,288
DE_LU-AT,ntc,72,0.886412,-0.474531,3.247249,11.458333,288
DE_LU-CH,ntc,72,0.886412,-0.474531,4.730627,22.569444,288
FR-BE,ntc,72,0.886412,-0.474531,-10.852440,37.847222,288
FR-CH,ntc,72,0.886412,-0.474531,-12.397225,30.902778,288
NL-BE,ntc,72,0.886412,-0.474531,2.544328,19.791667,288
AT-CH,ntc,72,0.886412,-0.474531,1.483378,18.402778,288
AT-CZ,ntc,72,0.886412,-0.474531,-4.413809,30.555556,288
CZ-PL,ntc,72,0.886412,-0.474531,-6.078673,37.847222,288
DE_LU-FR,ntc,73,0.831909,0.472075,18.917175,53.125000,288
DE_LU-PL,ntc,73,0.831909,0.472075,-8.142823,44.791667,288
DE_LU-CZ,ntc,73,0.831909,0.472075,-1.871672,28.125000,288
DE_LU-NL,ntc,73,0.831909,0.472075,4.202027,18.055556,288
DE_LU-BE,ntc,73,0.831909,0.472075,7.159387,26.736111,288
DE_LU-AT,ntc,73,0.831909,0.472075,3.486957,11.805556,288
DE_LU-CH,ntc,73,0.831909,0.472075,5.261187,22.916667,288
FR-BE,ntc,73,0.831909,0.472075,-11.757787,37.847222,288
FR-CH,ntc,73,0.831909,0.472075,-13.655988,31.944444,288
NL-BE,ntc,73,0.831909,0.472075,2.957361,21.180556,288
AT-CH,ntc,73,0.831909,0.472075,1.774230,18.750000,288
AT-CZ,ntc,73,0.831909,0.472075,-5.358629,33.333333,288
CZ-PL,ntc,73,0.831909,0.472075,-6.271151,38.888889,288
DE_LU-FR,ntc,74,-0.505272,0.400716,16.964751,62.847222,288
DE_LU-PL,ntc,74,-0.505272,0.400716,-11.408472,60.763889,288
DE_LU-CZ,ntc,74,-0.505272,0.400716,-4.298382,33.680556,288
DE_LU-NL,ntc,74,-0.505272,0.400716,4.566793,21.875000,288
DE_LU-BE,ntc,74,-0.505272,0.400716,7.456017,33.680556,288
DE_LU-AT,ntc,74,-0.505272,0.400716,4.140135,15.277778,288
DE_LU-CH,ntc,74,-0.505272,0.400716,5.069090,24.652778,288
FR-BE,ntc,74,-0.505272,0.400716,-9.508735,44.791667,288
FR-CH,ntc,74,-0.505272,0.400716,-11.895661,40.277778,288
NL-BE,ntc,74,-0.505272,0.400716,2.889223,25.000000,288
AT-CH,ntc,74,-0.505272,0.400716,0.928955,21.875000,288
AT-CZ,ntc,74,-0.505272,0.400716,-8.438518,43.750000,288
CZ-PL,ntc,74,-0.505272,0.400716,-7.110090,51.041667,288
DE_LU-FR,ntc,75,0.268495,-1.395969,14.411961,53.125000,288
DE_LU-PL,ntc,75,0.268495,-1.395969,-7.045857,45.138889,288
DE_LU-CZ,ntc,75,0.268495,-1.395969,-1.456627,27.777778,288
DE_LU-NL,ntc,75,0.268495,-1.395969,3.402987,15.625000,288
DE_LU-BE,ntc,75,0.268495,-1.395969,5.648930,26.041667,288
DE_LU-AT,ntc,75,0.268495,-1.395969,3.139259,11.111111,288
DE_LU-CH,ntc,75,0.268495,-1.395969,3.988194,22.569444,288
FR-BE,ntc,75,0.268495,-1.395969,-8.763031,37.847222,288
FR-CH,ntc,75,0.268495,-1.395969,-10.423767,32.291667,288
NL-BE,ntc,75,0.268495,-1.395969,2.245943,21.527778,288
AT-CH,ntc,75,0.268495,-1.395969,0.848935,18.402778,288
AT-CZ,ntc,75,0.268495,-1.395969,-4.595886,33.333333,288
CZ-PL,ntc,75,0.268495,-1.395969,-5.589230,39.583333,288
DE_LU-FR,ntc,76,0.518162,0.850921,19.150835,57.291667,288
DE_LU-PL,ntc,76,0.518162,0.850921,-9.043220,46.180556,288
DE_LU-CZ,ntc,76,0.518162,0.850921,-2.718300,30.208333,288
DE_LU-NL,ntc,76,0.518162,0.850921,4.373180,19.097222,288
DE_LU-BE,ntc,76,0.518162,0.850921,7.517115,27.777778,288
DE_LU-AT,ntc,76,0.518162,0.850921,3.683491,12.500000,288
DE_LU-CH,ntc,76,0.518162,0.850921,5.430491,23.611111,288
FR-BE,ntc,76,0.518162,0.850921,-11.633720,41.319444,288
FR-CH,ntc,76,0.518162,0.850921,-13.720343,35.069444,288
NL-BE,ntc,76,0.518162,0.850921,3.143935,22.569444,288
AT-CH,ntc,76,0.518162,0.850921,1.747001,19.444444,288
AT-CZ,ntc,76,0.518162,0.850921,-6.401791,37.500000,288
CZ-PL,ntc,76,0.518162,0.850921,-6.324920,40.972222,288
DE_LU-FR,ntc,77,0.622872,-1.814944,14.188449,51.041667,288
DE_LU-PL,ntc,77,0.622872,-1.814944,-6.406897,43.402778,288
DE_LU-CZ,ntc,77,0.622872,-1.814944,-0.718350,24.652778,288
DE_LU-NL,ntc,77,0.622872,-1.814944,3.098543,17.013889,288
DE_LU-BE,ntc,77,0.622872,-1.814944,5.113385,26.736111,288
DE_LU-AT,ntc,77,0.622872,-1.814944,3.011063,11.111111,288
DE_LU-CH,ntc,77,0.622872,-1.814944,3.925912,22.222222,288
FR-BE,ntc,77,0.622872,-1.814944,-9.075064,36.805556,288
FR-CH,ntc,77,0.622872,-1.814944,-10.262536,30.555556,288
NL-BE,ntc,77,0.622872,-1.814944,2.014841,20.138889,288
AT-CH,ntc,77,0.622872,-1.814944,0.914850,18.402778,288
AT-CZ,ntc,77,0.622872,-1.814944,-3.729413,28.819444,288
CZ-PL,ntc,77,0.622872,-1.814944,-5.688546,40.277778,288
DE_LU-FR,ntc,78,0.700726,0.009768,17.817752,53.125000,288
DE_LU-PL,ntc,78,0.700726,0.009768,-7.839081,45.486111,288
DE_LU-CZ,ntc,78,0.700726,0.009768,-1.749856,27.777778,288
DE_LU-NL,ntc,78,0.700726,0.009768,4.002254,17.708333,288
DE_LU-BE,ntc,78,0.700726,0.009768,6.790466,26.388889,288
DE_LU-AT,ntc,78,0.700726,0.009768,3.397037,11.805556,288
DE_LU-CH,ntc,78,0.700726,0.009768,4.946585,22.916667,288
FR-BE,ntc,78,0.700726,0.009768,-11.027286,37.847222,288
FR-CH,ntc,78,0.700726,0.009768,-12.871167,31.944444,288
NL-BE,ntc,78,0.700726,0.009768,2.788212,21.180556,288
AT-CH,ntc,78,0.700726,0.009768,1.549548,18.750000,288
AT-CZ,ntc,78,0.700726,0.009768,-5.146893,32.986111,288
CZ-PL,ntc,78,0.700726,0.009768,-6.089226,39.583333,288
DE_LU-FR,ntc,79,-1.779104,-0.870308,13.862439,65.972222,288
DE_LU-PL,ntc,79,-1.779104,-0.870308,-13.812513,71.180556,288
DE_LU-CZ,ntc,79,-1.779104,-0.870308,-5.704451,35.069444,288
DE_LU-NL,ntc,79,-1.779104,-0.870308,5.013414,24.305556,288
DE_LU-BE,ntc,79,-1.779104,-0.870308,7.051495,35.763889,288
DE_LU-AT,ntc,79,-1.779104,-0.870308,4.283618,15.277778,288
DE_LU-CH,ntc,79,-1.779104,-0.870308,4.281715,25.000000,288
FR-BE,ntc,79,-1.779104,-0.870308,-6.810943,47.222222,288
FR-CH,ntc,79,-1.779104,-0.870308,-9.580723,43.402778,288
NL-BE,ntc,79,-1.779104,-0.870308,2.038082,26.388889,288
AT-CH,ntc,79,-1.779104,-0.870308,-0.001903,21.875000,288
AT-CZ,ntc,79,-1.779104,-0.870308,-9.988069,44.444444,288
CZ-PL,ntc,79,-1.779104,-0.870308,-8.108062,55.208333,288
DE_LU-FR,ntc,80,0.069709,2.186651,21.334904,62.847222,288
DE_LU-PL,ntc,80,0.069709,2.186651,-12.410538,57.986111,288
DE_LU-CZ,ntc,80,0.069709,2.186651,-4.521730,31.944444,288
DE_LU-NL,ntc,80,0.069709,2.186651,5.268489,22.569444,288
DE_LU-BE,ntc,80,0.069709,2.186651,8.914691,34.027778,288
DE_LU-AT,ntc,80,0.069709,2.186651,4.460562,15.277778,288
DE_LU-CH,ntc,80,0.069709,2.186651,6.291923,24.652778,288
FR-BE,ntc,80,0.069709,2.186651,-12.420214,44.791667,288
FR-CH,ntc,80,0.069709,2.186651,-15.042981,40.277778,288
NL-BE,ntc,80,0.069709,2.186651,3.646202,25.000000,288
AT-CH,ntc,80,0.069709,2.186651,1.831361,21.527778,288
AT-CZ,ntc,80,0.069709,2.186651,-8.982292,42.013889,288
CZ-PL,ntc,80,0.069709,2.186651,-7.888808,50.000000,288
DE_LU-FR,ntc,81,-0.981155,0.356665,16.681504,64.930556,288
DE_LU-PL,ntc,81,-0.981155,0.356665,-12.904972,66.319444,288
DE_LU-CZ,ntc,81,-0.981155,0.356665,-5.123627,36.805556,288
DE_LU-NL,ntc,81,-0.981155,0.356665,4.978283,22.916667,288
DE_LU-BE,ntc,81,-0.981155,0.356665,7.793642,34.722222,288
DE_LU-AT,ntc,81,-0.981155,0.356665,4.412595,15.277778,288
DE_LU-CH,ntc,81,-0.981155,0.356665,5.130908,25.000000,288
FR-BE,ntc,81,-0.981155,0.356665,-8.887862,45.833333,288
FR-CH,ntc,81,-0.981155,0.356665,-11.550596,42.013889,288
NL-BE,ntc,81,-0.981155,0.356665,2.815359,25.694444,288
AT-CH,ntc,81,-0.981155,0.356665,0.718313,21.875000,288
AT-CZ,ntc,81,-0.981155,0.356665,-9.536222,45.833333,288
CZ-PL,ntc,81,-0.981155,0.356665,-7.781345,53.472222,288
DE_LU-FR,ntc,82,0.389930,-0.122366,17.044276,56.250000,288
DE_LU-PL,ntc,82,0.389930,-0.122366,-8.137875,45.138889,288
DE_LU-CZ,ntc,82,0.389930,-0.122366,-2.204334,29.166667,288
DE_LU-NL,ntc,82,0.389930,-0.122366,3.957250,17.708333,288
DE_LU-BE,ntc,82,0.389930,-0.122366,6.730084,27.430556,288
DE_LU-AT,ntc,82,0.389930,-0.122366,3.431978,11.805556,288
DE_LU-CH,ntc,82,0.389930,-0.122366,4.766389,22.222222,288
FR-BE,ntc,82,0.389930,-0.122366,-10.314192,40.625000,288
FR-CH,ntc,82,0.389930,-0.122366,-12.277887,35.069444,288
NL-BE,ntc,82,0.389930,-0.122366,2.772834,22.222222,288
AT-CH,ntc,82,0.389930,-0.122366,1.334411,19.444444,288
AT-CZ,ntc,82,0.389930,-0.122366,-5.636312,36.458333,288
CZ-PL,ntc,82,0.389930,-0.122366,-5.933540,40.625000,288
DE_LU-FR,ntc,83,1.903815,1.436139,22.495671,49.305556,288
DE_LU-PL,ntc,83,1.903815,1.436139,-8.292714,42.361111,288
DE_LU-CZ,ntc,83,1.903815,1.436139,-1.009185,26.041667,288
DE_LU-NL,ntc,83,1.903815,1.436139,4.414345,18.750000,288
DE_LU-BE,ntc,83,1.903815,1.436139,7.754580,27.777778,288
DE_LU-AT,ntc,83,1.903815,1.436139,3.681481,11.458333,288
DE_LU-CH,ntc,83,1.903815,1.436139,6.390357,20.833333,288
FR-BE,ntc,83,1.903815,1.436139,-14.741091,37.500000,288
FR-CH,ntc,83,1.903815,1.436139,-16.105314,30.208333,288
NL-BE,ntc,83,1.903815,1.436139,3.340235,19.444444,288
AT-CH,ntc,83,1.903815,1.436139,2.708875,18.750000,288
AT-CZ,ntc,83,1.903815,1.436139,-4.690666,29.166667,288
CZ-PL,ntc,83,1.903815,1.436139,-7.283529,38.888889,288
DE_LU-FR,ntc,84,0.428374,1.298665,19.939710,57.638889,288
DE_LU-PL,ntc,84,0.428374,1.298665,-9.849150,49.305556,288
DE_LU-CZ,ntc,84,0.428374,1.298665,-3.196024,30.555556,288
DE_LU-NL,ntc,84,0.428374,1.298665,4.637602,20.486111,288
DE_LU-BE,ntc,84,0.428374,1.298665,7.912611,28.819444,288
DE_LU-AT,ntc,84,0.428374,1.298665,3.873951,13.194444,288
DE_LU-CH,ntc,84,0.428374,1.298665,5.719305,23.611111,288
FR-BE,ntc,84,0.428374,1.298665,-12.027099,41.666667,288
FR-CH,ntc,84,0.428374,1.298665,-14.220405,35.763889,288
NL-BE,ntc,84,0.428374,1.298665,3.275009,22.916667,288
AT-CH,ntc,84,0.428374,1.298665,1.845354,19.444444,288
AT-CZ,ntc,84,0.428374,1.298665,-7.069975,38.541667,288
CZ-PL,ntc,84,0.428374,1.298665,-6.653126,44.097222,288
DE_LU-FR,ntc,85,1.091892,0.361890,19.062422,52.430556,288
DE_LU-PL,ntc,85,1.091892,0.361890,-7.816319,43.055556,288
DE_LU-CZ,ntc,85,1.091892,0.361890,-1.412996,26.388889,288
DE_LU-NL,ntc,85,1.091892,0.361890,4.106938,19.444444,288
DE_LU-BE,ntc,85,1.091892,0.361890,6.981997,26.736111,288
DE_LU-AT,ntc,85,1.091892,0.361890,3.400373,11.805556,288
DE_LU-CH,ntc,85,1.091892,0.361890,5.286837,22.916667,288
FR-BE,ntc,85,1.091892,0.361890,-12.080425,38.194444,288
FR-CH,ntc,85,1.091892,0.361890,-13.775585,31.250000,288
NL-BE,ntc,85,1.091892,0.361890,2.875058,19.791667,288
AT-CH,ntc,85,1.091892,0.361890,1.886463,18.402778,288
AT-CZ,ntc,85,1.091892,0.361890,-4.813369,30.902778,288
CZ-PL,ntc,85,1.091892,0.361890,-6.403323,37.152778,288
DE_LU-FR,ntc,86,-0.424523,0.053825,16.274333,62.152778,288
DE_LU-PL,ntc,86,-0.424523,0.053825,-10.540679,58.680556,288
DE_LU-CZ,ntc,86,-0.424523,0.053825,-3.856261,32.638889,288
DE_LU-NL,ntc,86,-0.424523,0.053825,4.361530,21.527778,288
DE_LU-BE,ntc,86,-0.424523,0.053825,7.087322,33.333333,288
DE_LU-AT,ntc,86,-0.424523,0.053825,3.935936,14.930556,288
DE_LU-CH,ntc,86,-0.424523,0.053825,4.835296,24.305556,288
FR-BE,ntc,86,-0.424523,0.053825,-9.187010,44.097222,288
FR-CH,ntc,86,-0.424523,0.053825,-11.439036,39.930556,288
NL-BE,ntc,86,-0.424523,0.053825,2.725792,25.000000,288
AT-CH,ntc,86,-0.424523,0.053825,0.899360,21.527778,288
AT-CZ,ntc,86,-0.424523,0.053825,-7.792198,43.055556,288
CZ-PL,ntc,86,-0.424523,0.053825,-6.684418,49.652778,288
DE_LU-FR,ntc,87,-0.067693,-0.294762,16.011261,59.027778,288
DE_LU-PL,ntc,87,-0.067693,-0.294762,-8.881384,50.347222,288
DE_LU-CZ,ntc,87,-0.067693,-0.294762,-2.936732,30.902778,288
DE_LU-NL,ntc,87,-0.067693,-0.294762,4.005382,20.486111,288
DE_LU-BE,ntc,87,-0.067693,-0.294762,6.629988,29.861111,288
DE_LU-AT,ntc,87,-0.067693,-0.294762,3.580419,13.888889,288
DE_LU-CH,ntc,87,-0.067693,-0.294762,4.591641,23.958333,288
FR-BE,ntc,87,-0.067693,-0.294762,-9.381272,42.361111,288
FR-CH,ntc,87,-0.067693,-0.294762,-11.419620,36.805556,288
NL-BE,ntc,87,-0.067693,-0.294762,2.624606,23.263889,288
AT-CH,ntc,87,-0.067693,-0.294762,1.011222,20.138889,288
AT-CZ,ntc,87,-0.067693,-0.294762,-6.517151,39.583333,288
CZ-PL,ntc,87,-0.067693,-0.294762,-5.944653,44.791667,288
DE_LU-FR,ntc,88,1.620783,1.583100,22.276266,51.388889,288
DE_LU-PL,ntc,88,1.620783,1.583100,-8.561892,43.750000,288
DE_LU-CZ,ntc,88,1.620783,1.583100,-1.457226,26.041667,288
DE_LU-NL,ntc,88,1.620783,1.583100,4.574875,20.138889,288
DE_LU-BE,ntc,88,1.620783,1.583100,7.970012,27.777778,288
DE_LU-AT,ntc,88,1.620783,1.583100,3.646449,11.805556,288
DE_LU-CH,ntc,88,1.620783,1.583100,6.233094,22.222222,288
FR-BE,ntc,88,1.620783,1.583100,-14.306254,37.847222,288
FR-CH,ntc,88,1.620783,1.583100,-16.043173,30.902778,288
NL-BE,ntc,88,1.620783,1.583100,3.395138,19.791667,288
AT-CH,ntc,88,1.620783,1.583100,2.586645,18.750000,288
AT-CZ,ntc,88,1.620783,1.583100,-5.103675,29.166667,288
CZ-PL,ntc,88,1.620783,1.583100,-7.104665,37.847222,288
DE_LU-FR,ntc,89,0.596966,-0.709376,16.237529,52.777778,288
DE_LU-PL,ntc,89,0.596966,-0.709376,-7.315279,44.791667,288
DE_LU-CZ,ntc,89,0.596966,-0.709376,-1.417439,27.083333,288
DE_LU-NL,ntc,89,0.596966,-0.709376,3.678583,17.361111,288
DE_LU-BE,ntc,89,0.596966,-0.709376,6.160258,26.388889,288
DE_LU-AT,ntc,89,0.596966,-0.709376,3.250637,11.805556,288
DE_LU-CH,ntc,89,0.596966,-0.709376,4.495779,22.916667,288
FR-BE,ntc,89,0.596966,-0.709376,-10.077271,38.194444,288
FR-CH,ntc,89,0.596966,-0.709376,-11.741750,31.597222,288
NL-BE,ntc,89,0.596966,-0.709376,2.481676,20.486111,288
AT-CH,ntc,89,0.596966,-0.709376,1.245143,18.750000,288
AT-CZ,ntc,89,0.596966,-0.709376,-4.668076,32.291667,288
CZ-PL,ntc,89,0.596966,-0.709376,-5.897840,39.236111,288
DE_LU-FR,ntc,90,1.373417,0.551147,19.837953,50.347222,288
DE_LU-PL,ntc,90,1.373417,0.551147,-7.776067,42.361111,288
DE_LU-CZ,ntc,90,1.373417,0.551147,-1.185011,25.694444,288
DE_LU-NL,ntc,90,1.373417,0.551147,4.114155,19.791667,288
DE_LU-BE,ntc,90,1.373417,0.551147,7.069359,27.083333,288
DE_LU-AT,ntc,90,1.373417,0.551147,3.413931,11.111111,288
DE_LU-CH,ntc,90,1.373417,0.551147,5.490909,21.180556,288
FR-BE,ntc,90,1.373417,0.551147,-12.768594,37.152778,288
FR-CH,ntc,90,1.373417,0.551147,-14.347044,30.902778,288
NL-BE,ntc,90,1.373417,0.551147,2.955204,19.444444,288
AT-CH,ntc,90,1.373417,0.551147,2.076978,18.402778,288
AT-CZ,ntc,90,1.373417,0.551147,-4.598942,28.819444,288
CZ-PL,ntc,90,1.373417,0.551147,-6.591056,36.805556,288
DE_LU-FR,ntc,91,-0.910425,-0.374050,15.213955,64.583333,288
DE_LU-PL,ntc,91,-0.910425,-0.374050,-11.392164,63.888889,288
DE_LU-CZ,ntc,91,-0.910425,-0.374050,-4.417401,35.416667,288
DE_LU-NL,ntc,91,-0.910425,-0.374050,4.551378,22.569444,288
DE_LU-BE,ntc,91,-0.910425,-0.374050,7.054405,34.375000,288
DE_LU-AT,ntc,91,-0.910425,-0.374050,4.107804,14.930556,288
DE_LU-CH,ntc,91,-0.910425,-0.374050,4.594200,24.652778,288
FR-BE,ntc,91,-0.910425,-0.374050,-8.159550,46.527778,288
FR-CH,ntc,91,-0.910425,-0.374050,-10.619755,42.361111,288
NL-BE,ntc,91,-0.910425,-0.374050,2.503027,25.694444,288
AT-CH,ntc,91,-0.910425,-0.374050,0.486395,21.875000,288
AT-CZ,ntc,91,-0.910425,-0.374050,-8.525206,45.486111,288
CZ-PL,ntc,91,-0.910425,-0.374050,-6.974763,52.777778,288
DE_LU-FR,ntc,92,0.936719,2.106122,22.285870,56.944444,288
DE_LU-PL,ntc,92,0.936719,2.106122,-9.794112,47.222222,288
DE_LU-CZ,ntc,92,0.936719,2.106122,-2.897387,28.125000,288
DE_LU-NL,ntc,92,0.936719,2.106122,4.870625,18.750000,288
DE_LU-BE,ntc,92,0.936719,2.106122,8.488678,27.777778,288
DE_LU-AT,ntc,92,0.936719,2.106122,3.917777,12.500000,288
DE_LU-CH,ntc,92,0.936719,2.106122,6.334630,23.263889,288
FR-BE,ntc,92,0.936719,2.106122,-13.797192,40.972222,288
FR-CH,ntc,92,0.936719,2.106122,-15.951241,35.069444,288
NL-BE,ntc,92,0.936719,2.106122,3.618053,22.569444,288
AT-CH,ntc,92,0.936719,2.106122,2.416853,19.444444,288
AT-CZ,ntc,92,0.936719,2.106122,-6.815164,35.416667,288
CZ-PL,ntc,92,0.936719,2.106122,-6.896725,41.666667,288
DE_LU-FR,ntc,93,-0.782356,1.335692,18.780858,64.583333,288
DE_LU-PL,ntc,93,-0.782356,1.335692,-14.004317,66.666667,288
DE_LU-CZ,ntc,93,-0.782356,1.335692,-5.598157,37.500000,288
DE_LU-NL,ntc,93,-0.782356,1.335692,5.261856,23.611111,288
DE_LU-BE,ntc,93,-0.782356,1.335692,8.551692,35.416667,288
DE_LU-AT,ntc,93,-0.782356,1.335692,4.654253,15.277778,288
DE_LU-CH,ntc,93,-0.782356,1.335692,5.777792,25.000000,288
FR-BE,ntc,93,-0.782356,1.335692,-10.229167,45.138889,288
FR-CH,ntc,93,-0.782356,1.335692,-13.003066,41.666667,288
NL-BE,ntc,93,-0.782356,1.335692,3.289836,26.041667,288
AT-CH,ntc,93,-0.782356,1.335692,1.123539,22.222222,288
AT-CZ,ntc,93,-0.782356,1.335692,-10.252410,46.527778,288
CZ-PL,ntc,93,-0.782356,1.335692,-8.406160,53.472222,288
DE_LU-FR,ntc,94,-0.591623,-1.183315,13.709611,61.458333,288
DE_LU-PL,ntc,94,-0.591623,-1.183315,-9.027825,57.291667,288
DE_LU-CZ,ntc,94,-0.591623,-1.183315,-3.157545,32.986111,288
DE_LU-NL,ntc,94,-0.591623,-1.183315,3.944731,21.180556,288
DE_LU-BE,ntc,94,-0.591623,-1.183315,6.147072,32.638889,288
DE_LU-AT,ntc,94,-0.591623,-1.183315,3.551400,15.277778,288
DE_LU-CH,ntc,94,-0.591623,-1.183315,3.990023,25.000000,288
FR-BE,ntc,94,-0.591623,-1.183315,-7.562540,43.402778,288
FR-CH,ntc,94,-0.591623,-1.183315,-9.719589,38.541667,288
NL-BE,ntc,94,-0.591623,-1.183315,2.202340,24.305556,288
AT-CH,ntc,94,-0.591623,-1.183315,0.438623,21.527778,288
AT-CZ,ntc,94,-0.591623,-1.183315,-6.708945,42.361111,288
CZ-PL,ntc,94,-0.591623,-1.183315,-5.870279,47.916667,288
DE_LU-FR,ntc,95,0.306574,1.162675,19.489523,59.027778,288
DE_LU-PL,ntc,95,0.306574,1.162675,-9.971853,52.083333,288
DE_LU-CZ,ntc,95,0.306574,1.162675,-3.309863,30.555556,288
DE_LU-NL,ntc,95,0.306574,1.162675,4.628937,20.833333,288
DE_LU-BE,ntc,95,0.306574,1.162675,7.830781,30.208333,288
DE_LU-AT,ntc,95,0.306574,1.162675,3.887945,13.194444,288
DE_LU-CH,ntc,95,0.306574,1.162675,5.603177,23.958333,288
FR-BE,ntc,95,0.306574,1.162675,-11.658742,42.361111,288
FR-CH,ntc,95,0.306574,1.162675,-13.886345,36.805556,288
NL-BE,ntc,95,0.306574,1.162675,3.201844,23.958333,288
AT-CH,ntc,95,0.306574,1.162675,1.715232,19.444444,288
AT-CZ,ntc,95,0.306574,1.162675,-7.197808,38.888889,288
CZ-PL,ntc,95,0.306574,1.162675,-6.661990,46.527778,288
DE_LU-FR,ntc,96,-1.239496,-0.089781,15.724292,65.972222,288
DE_LU-PL,ntc,96,-1.239496,-0.089781,-13.004852,68.402778,288
DE_LU-CZ,ntc,96,-1.239496,-0.089781,-5.206748,36.805556,288
DE_LU-NL,ntc,96,-1.239496,-0.089781,4.976769,23.611111,288
DE_LU-BE,ntc,96,-1.239496,-0.089781,7.520842,35.763889,288
DE_LU-AT,ntc,96,-1.239496,-0.089781,4.414042,15.277778,288
DE_LU-CH,ntc,96,-1.239496,-0.089781,4.871646,25.000000,288
FR-BE,ntc,96,-1.239496,-0.089781,-8.203450,46.875000,288
FR-CH,ntc,96,-1.239496,-0.089781,-10.852647,43.402778,288
NL-BE,ntc,96,-1.239496,-0.089781,2.544074,26.736111,288
AT-CH,ntc,96,-1.239496,-0.089781,0.457603,21.875000,288
AT-CZ,ntc,96,-1.239496,-0.089781,-9.620790,45.833333,288
CZ-PL,ntc,96,-1.239496,-0.089781,-7.798104,54.861111,288
DE_LU-FR,ntc,97,-0.335739,-0.643146,14.943276,59.722222,288
DE_LU-PL,ntc,97,-0.335739,-0.643146,-9.156684,54.861111,288
DE_LU-CZ,ntc,97,-0.335739,-0.643146,-3.148379,30.555556,288
DE_LU-NL,ntc,97,-0.335739,-0.643146,3.956648,20.486111,288
DE_LU-BE,ntc,97,-0.335739,-0.643146,6.402246,31.597222,288
DE_LU-AT,ntc,97,-0.335739,-0.643146,3.585672,13.888889,288
DE_LU-CH,ntc,97,-0.335739,-0.643146,4.330548,24.305556,288
FR-BE,ntc,97,-0.335739,-0.643146,-8.541030,42.708333,288
FR-CH,ntc,97,-0.335739,-0.643146,-10.612729,37.500000,288
NL-BE,ntc,97,-0.335739,-0.643146,2.445599,23.958333,288
AT-CH,ntc,97,-0.335739,-0.643146,0.744875,20.833333,288
AT-CZ,ntc,97,-0.335739,-0.643146,-6.734052,39.583333,288
CZ-PL,ntc,97,-0.335739,-0.643146,-6.008304,47.916667,288
DE_LU-FR,ntc,98,1.504212,-0.591016,17.912686,48.958333,288
DE_LU-PL,ntc,98,1.504212,-0.591016,-6.802654,42.013889,288
DE_LU-CZ,ntc,98,1.504212,-0.591016,-0.335671,25.694444,288
DE_LU-NL,ntc,98,1.504212,-0.591016,3.490865,17.361111,288
DE_LU-BE,ntc,98,1.504212,-0.591016,5.967373,26.041667,288
DE_LU-AT,ntc,98,1.504212,-0.591016,3.228118,11.458333,288
DE_LU-CH,ntc,98,1.504212,-0.591016,5.122425,21.180556,288
FR-BE,ntc,98,1.504212,-0.591016,-11.945313,37.847222,288
FR-CH,ntc,98,1.504212,-0.591016,-12.790261,29.513889,288
NL-BE,ntc,98,1.504212,-0.591016,2.476508,18.055556,288
AT-CH,ntc,98,1.504212,-0.591016,1.894307,19.097222,288
AT-CZ,ntc,98,1.504212,-0.591016,-3.563789,27.777778,288
CZ-PL,ntc,98,1.504212,-0.591016,-6.466983,39.236111,288
DE_LU-FR,ntc,99,-1.291436,0.473556,16.878421,65.972222,288
DE_LU-PL,ntc,99,-1.291436,0.473556,-14.196881,70.486111,288
DE_LU-CZ,ntc,99,-1.291436,0.473556,-5.733238,36.805556,288
DE_LU-NL,ntc,99,-1.291436,0.473556,5.294009,23.611111,288
DE_LU-BE,ntc,99,-1.291436,0.473556,8.100158,35.763889,288
DE_LU-AT,ntc,99,-1.291436,0.473556,4.605761,15.277778,288
DE_LU-CH,ntc,99,-1.291436,0.473556,5.251734,25.000000,288
FR-BE,ntc,99,-1.291436,0.473556,-8.778264,46.875000,288
FR-CH,ntc,99,-1.291436,0.473556,-11.626688,43.402778,288
NL-BE,ntc,99,-1.291436,0.473556,2.806149,26.736111,288
AT-CH,ntc,99,-1.291436,0.473556,0.645973,21.875000,288
AT-CZ,ntc,99,-1.291436,0.473556,-10.339000,45.833333,288
CZ-PL,ntc,99,-1.291436,0.473556,-8.463642,55.208333,288
DE_LU-FR,ntc,100,2.407292,-0.358616,19.834212,47.222222,288
DE_LU-PL,ntc,100,2.407292,-0.358616,-6.423390,42.013889,288
DE_LU-CZ,ntc,100,2.407292,-0.358616,0.587234,26.388889,288
DE_LU-NL,ntc,100,2.407292,-0.358616,3.282892,18.750000,288
DE_LU-BE,ntc,100,2.407292,-0.358616,5.857240,24.652778,288
DE_LU-AT,ntc,100,2.407292,-0.358616,3.414091,11.458333,288
DE_LU-CH,ntc,100,2.407292,-0.358616,6.007797,21.180556,288
FR-BE,ntc,100,2.407292,-0.358616,-13.976973,37.500000,288
FR-CH,ntc,100,2.407292,-0.358616,-13.826415,27.777778,288
NL-BE,ntc,100,2.407292,-0.358616,2.574348,15.972222,288
AT-CH,ntc,100,2.407292,-0.358616,2.593706,19.097222,288
AT-CZ,ntc,100,2.407292,-0.358616,-2.826857,26.041667,288
CZ-PL,ntc,100,2.407292,-0.358616,-7.010623,39.583333,288
DE_LU-FR,mnp,1,2.197113,-0.114972,28.667775,65.277778,288
DE_LU-PL,mnp,1,2.197113,-0.114972,-6.654978,37.847222,288
DE_LU-CZ,mnp,1,2.197113,-0.114972,-2.917133,22.222222,288
DE_LU-NL,mnp,1,2.197113,-0.114972,2.844310,14.583333,288
DE_LU-BE,mnp,1,2.197113,-0.114972,2.615417,13.888889,288
DE_LU-AT,mnp,1,2.197113,-0.114972,3.034858,13.541667,288
DE_LU-CH,mnp,1,2.197113,-0.114972,11.597722,28.125000,288
FR-BE,mnp,1,2.197113,-0.114972,-26.052358,60.416667,288
FR-CH,mnp,1,2.197113,-0.114972,-17.070054,39.930556,288
NL-BE,mnp,1,2.197113,-0.114972,-0.228892,9.375000,288
AT-CH,mnp,1,2.197113,-0.114972,8.562864,23.611111,288
AT-CZ,mnp,1,2.197113,-0.114972,-5.951991,20.833333,288
CZ-PL,mnp,1,2.197113,-0.114972,-3.737845,29.513889,288
DE_LU-FR,mnp,2,-1.736009,-0.193904,20.802147,75.347222,288
DE_LU-PL,mnp,2,-1.736009,-0.193904,-13.697218,63.888889,288
DE_LU-CZ,mnp,2,-1.736009,-0.193904,-7.130897,34.722222,288
DE_LU-NL,mnp,2,-1.736009,-0.193904,3.646652,16.319444,288
DE_LU-BE,mnp,2,-1.736009,-0.193904,2.812654,19.444444,288
DE_LU-AT,mnp,2,-1.736009,-0.193904,3.821031,13.888889,288
DE_LU-CH,mnp,2,-1.736009,-0.193904,7.713331,28.819444,288
FR-BE,mnp,2,-1.736009,-0.193904,-17.989493,66.666667,288
FR-CH,mnp,2,-1.736009,-0.193904,-13.088816,48.958333,288
NL-BE,mnp,2,-1.736009,-0.193904,-0.833998,14.236111,288
AT-CH,mnp,2,-1.736009,-0.193904,3.892300,23.611111,288
AT-CZ,mnp,2,-1.736009,-0.193904,-10.951928,44.444444,288
CZ-PL,mnp,2,-1.736009,-0.193904,-6.566321,44.444444,288
DE_LU-FR,mnp,3,-0.264830,-1.496459,19.687504,71.875000,288
DE_LU-PL,mnp,3,-0.264830,-1.496459,-7.684452,38.888889,288
DE_LU-CZ,mnp,3,-0.264830,-1.496459,-4.144948,25.000000,288
DE_LU-NL,mnp,3,-0.264830,-1.496459,2.888557,13.888889,288
DE_LU-BE,mnp,3,-0.264830,-1.496459,2.349026,13.541667,288
DE_LU-AT,mnp,3,-0.264830,-1.496459,2.651321,12.847222,288
DE_LU-CH,mnp,3,-0.264830,-1.496459,7.336240,27.777778,288
FR-BE,mnp,3,-0.264830,-1.496459,-17.338478,65.625000,288
FR-CH,mnp,3,-0.264830,-1.496459,-12.351264,46.527778,288
NL-BE,mnp,3,-0.264830,-1.496459,-0.539530,10.069444,288
AT-CH,mnp,3,-0.264830,-1.496459,4.684919,22.569444,288
AT-CZ,mnp,3,-0.264830,-1.496459,-6.796270,31.597222,288
CZ-PL,mnp,3,-0.264830,-1.496459,-3.539504,28.472222,288
DE_LU-FR,mnp,4,1.007578,-1.010333,23.785927,66.666667,288
DE_LU-PL,mnp,4,1.007578,-1.010333,-6.836143,39.930556,288
DE_LU-CZ,mnp,4,1.007578,-1.010333,-3.225620,21.180556,288
DE_LU-NL,mnp,4,1.007578,-1.010333,2.813053,12.152778,288
DE_LU-BE,mnp,4,1.007578,-1.010333,2.440163,12.152778,288
DE_LU-AT,mnp,4,1.007578,-1.010333,2.572178,11.458333,288
DE_LU-CH,mnp,4,1.007578,-1.010333,9.087991,27.430556,288
FR-BE,mnp,4,1.007578,-1.010333,-21.345764,61.111111,288
FR-CH,mnp,4,1.007578,-1.010333,-14.697937,41.319444,288
NL-BE,mnp,4,1.007578,-1.010333,-0.372889,9.027778,288
AT-CH,mnp,4,1.007578,-1.010333,6.515813,23.263889,288
AT-CZ,mnp,4,1.007578,-1.010333,-5.797798,23.611111,288
CZ-PL,mnp,4,1.007578,-1.010333,-3.610522,31.250000,288
DE_LU-FR,mnp,5,1.048992,1.827961,31.690594,71.527778,288
DE_LU-PL,mnp,5,1.048992,1.827961,-9.151726,41.319444,288
DE_LU-CZ,mnp,5,1.048992,1.827961,-4.452382,23.263889,288
DE_LU-NL,mnp,5,1.048992,1.827961,4.010738,14.583333,288
DE_LU-BE,mnp,5,1.048992,1.827961,3.921129,13.194444,288
DE_LU-AT,mnp,5,1.048992,1.827961,3.406091,11.805556,288
DE_LU-CH,mnp,5,1.048992,1.827961,11.609694,27.430556,288
FR-BE,mnp,5,1.048992,1.827961,-27.769465,65.277778,288
FR-CH,mnp,5,1.048992,1.827961,-20.080900,46.180556,288
NL-BE,mnp,5,1.048992,1.827961,-0.089608,10.069444,288
AT-CH,mnp,5,1.048992,1.827961,8.203604,22.569444,288
AT-CZ,mnp,5,1.048992,1.827961,-7.858473,27.777778,288
CZ-PL,mnp,5,1.048992,1.827961,-4.699344,30.555556,288
DE_LU-FR,mnp,6,0.137185,0.765495,26.628624,72.222222,288
DE_LU-PL,mnp,6,0.137185,0.765495,-9.621385,45.138889,288
DE_LU-CZ,mnp,6,0.137185,0.765495,-4.961657,26.041667,288
DE_LU-NL,mnp,6,0.137185,0.765495,3.662448,15.277778,288
DE_LU-BE,mnp,6,0.137185,0.765495,3.354120,14.583333,288
DE_LU-AT,mnp,6,0.137185,0.765495,3.353201,13.541667,288
DE_LU-CH,mnp,6,0.137185,0.765495,9.756580,27.777778,288
FR-BE,mnp,6,0.137185,0.765495,-23.274504,65.972222,288
FR-CH,mnp,6,0.137185,0.765495,-16.872044,46.875000,288
NL-BE,mnp,6,0.137185,0.765495,-0.308328,11.458333,288
AT-CH,mnp,6,0.137185,0.765495,6.403379,22.916667,288
AT-CZ,mnp,6,0.137185,0.765495,-8.314858,33.333333,288
CZ-PL,mnp,6,0.137185,0.765495,-4.659728,34.375000,288
DE_LU-FR,mnp,7,0.180876,-1.178794,21.557083,70.833333,288
DE_LU-PL,mnp,7,0.180876,-1.178794,-7.443316,40.277778,288
DE_LU-CZ,mnp,7,0.180876,-1.178794,-3.769923,23.263889,288
DE_LU-NL,mnp,7,0.180876,-1.178794,2.946290,12.847222,288
DE_LU-BE,mnp,7,0.180876,-1.178794,2.531343,12.847222,288
DE_LU-AT,mnp,7,0.180876,-1.178794,2.594330,11.458333,288
DE_LU-CH,mnp,7,0.180876,-1.178794,8.032540,27.083333,288
FR-BE,mnp,7,0.180876,-1.178794,-19.025740,64.583333,288
FR-CH,mnp,7,0.180876,-1.178794,-13.524543,45.486111,288
NL-BE,mnp,7,0.180876,-1.178794,-0.414947,10.069444,288
AT-CH,mnp,7,0.180876,-1.178794,5.438210,22.569444,288
AT-CZ,mnp,7,0.180876,-1.178794,-6.364253,28.472222,288
CZ-PL,mnp,7,0.180876,-1.178794,-3.673394,30.555556,288
DE_LU-FR,mnp,8,-0.726146,-0.936657,20.196211,72.569444,288
DE_LU-PL,mnp,8,-0.726146,-0.936657,-9.416744,50.347222,288
DE_LU-CZ,mnp,8,-0.726146,-0.936657,-5.107508,29.166667,288
DE_LU-NL,mnp,8,-0.726146,-0.936657,3.261289,14.583333,288
DE_LU-BE,mnp,8,-0.726146,-0.936657,2.606461,14.930556,288
DE_LU-AT,mnp,8,-0.726146,-0.936657,3.040584,13.541667,288
DE_LU-CH,mnp,8,-0.726146,-0.936657,7.419854,28.125000,288
FR-BE,mnp,8,-0.726146,-0.936657,-17.589751,65.972222,288
FR-CH,mnp,8,-0.726146,-0.936657,-12.776357,47.222222,288
NL-BE,mnp,8,-0.726146,-0.936657,-0.654828,11.111111,288
AT-CH,mnp,8,-0.726146,-0.936657,4.379270,22.569444,288
AT-CZ,mnp,8,-0.726146,-0.936657,-8.148092,37.152778,288
CZ-PL,mnp,8,-0.726146,-0.936657,-4.309236,36.458333,288
DE_LU-FR,mnp,9,0.031736,0.328496,25.196604,72.222222,288
DE_LU-PL,mnp,9,0.031736,0.328496,-9.297699,44.444444,288
DE_LU-CZ,mnp,9,0.031736,0.328496,-4.843428,26.041667,288
DE_LU-NL,mnp,9,0.031736,0.328496,3.508030,14.583333,288
DE_LU-BE,mnp,9,0.031736,0.328496,3.153242,14.236111,288
DE_LU-AT,mnp,9,0.031736,0.328496,3.222363,13.541667,288
DE_LU-CH,mnp,9,0.031736,0.328496,9.253770,27.777778,288
FR-BE,mnp,9,0.031736,0.328496,-22.043363,65.972222,288
FR-CH,mnp,9,0.031736,0.328496,-15.942834,46.875000,288
NL-BE,mnp,9,0.031736,0.328496,-0.354788,10.763889,288
AT-CH,mnp,9,0.031736,0.328496,6.031407,22.916667,288
AT-CZ,mnp,9,0.031736,0.328496,-8.065792,32.986111,288
CZ-PL,mnp,9,0.031736,0.328496,-4.454271,33.333333,288
DE_LU-FR,mnp,10,-0.146882,1.714839,28.682948,72.916667,288
DE_LU-PL,mnp,10,-0.146882,1.714839,-11.736216,49.652778,288
DE_LU-CZ,mnp,10,-0.146882,1.714839,-5.979481,26.736111,288
DE_LU-NL,mnp,10,-0.146882,1.714839,4.013874,14.930556,288
DE_LU-BE,mnp,10,-0.146882,1.714839,3.716079,15.972222,288
DE_LU-AT,mnp,10,-0.146882,1.714839,3.861030,13.541667,288
DE_LU-CH,mnp,10,-0.146882,1.714839,10.468063,28.125000,288
FR-BE,mnp,10,-0.146882,1.714839,-24.966868,66.666667,288
FR-CH,mnp,10,-0.146882,1.714839,-18.214885,47.569444,288
NL-BE,mnp,10,-0.146882,1.714839,-0.297795,12.152778,288
AT-CH,mnp,10,-0.146882,1.714839,6.607033,22.569444,288
AT-CZ,mnp,10,-0.146882,1.714839,-9.840511,35.069444,288
CZ-PL,mnp,10,-0.146882,1.714839,-5.756735,37.500000,288
DE_LU-FR,mnp,11,0.340603,0.364038,26.044573,71.180556,288
DE_LU-PL,mnp,11,0.340603,0.364038,-8.730026,40.277778,288
DE_LU-CZ,mnp,11,0.340603,0.364038,-4.437786,25.347222,288
DE_LU-NL,mnp,11,0.340603,0.364038,3.484866,14.930556,288
DE_LU-BE,mnp,11,0.340603,0.364038,3.195021,13.541667,288
DE_LU-AT,mnp,11,0.340603,0.364038,3.104581,12.847222,288
DE_LU-CH,mnp,11,0.340603,0.364038,9.589225,27.777778,288
FR-BE,mnp,11,0.340603,0.364038,-22.849552,64.930556,288
FR-CH,mnp,11,0.340603,0.364038,-16.455348,45.833333,288
NL-BE,mnp,11,0.340603,0.364038,-0.289845,10.763889,288
AT-CH,mnp,11,0.340603,0.364038,6.484644,22.569444,288
AT-CZ,mnp,11,0.340603,0.364038,-7.542368,31.944444,288
CZ-PL,mnp,11,0.340603,0.364038,-4.292240,30.208333,288
DE_LU-FR,mnp,12,0.281521,-0.432807,23.774075,71.180556,288
DE_LU-PL,mnp,12,0.281521,-0.432807,-8.018634,40.625000,288
DE_LU-CZ,mnp,12,0.281521,-0.432807,-4.052904,23.958333,288
DE_LU-NL,mnp,12,0.281521,-0.432807,3.196856,13.541667,288
DE_LU-BE,mnp,12,0.281521,-0.432807,2.850896,13.541667,288
DE_LU-AT,mnp,12,0.281521,-0.432807,2.822841,11.458333,288
DE_LU-CH,mnp,12,0.281521,-0.432807,8.786881,27.083333,288
FR-BE,mnp,12,0.281521,-0.432807,-20.923179,64.930556,288
FR-CH,mnp,12,0.281521,-0.432807,-14.987194,45.833333,288
NL-BE,mnp,12,0.281521,-0.432807,-0.345960,10.416667,288
AT-CH,mnp,12,0.281521,-0.432807,5.964040,22.569444,288
AT-CZ,mnp,12,0.281521,-0.432807,-6.875745,29.166667,288
CZ-PL,mnp,12,0.281521,-0.432807,-3.965731,31.597222,288
DE_LU-FR,mnp,13,-1.104597,-0.833954,19.876848,72.569444,288
DE_LU-PL,mnp,13,-1.104597,-0.833954,-10.607637,55.208333,288
DE_LU-CZ,mnp,13,-1.104597,-0.833954,-5.713105,30.555556,288
DE_LU-NL,mnp,13,-1.104597,-0.833954,3.387778,14.236111,288
DE_LU-BE,mnp,13,-1.104597,-0.833954,2.602059,15.625000,288
DE_LU-AT,mnp,13,-1.104597,-0.833954,3.307354,13.888889,288
DE_LU-CH,mnp,13,-1.104597,-0.833954,7.308400,28.125000,288
FR-BE,mnp,13,-1.104597,-0.833954,-17.274789,65.972222,288
FR-CH,mnp,13,-1.104597,-0.833954,-12.568448,46.875000,288
NL-BE,mnp,13,-1.104597,-0.833954,-0.785719,12.152778,288
AT-CH,mnp,13,-1.104597,-0.833954,4.001046,22.916667,288
AT-CZ,mnp,13,-1.104597,-0.833954,-9.020459,39.583333,288
CZ-PL,mnp,13,-1.104597,-0.833954,-4.894532,39.930556,288
DE_LU-FR,mnp,14,0.538449,-0.060128,25.435427,70.833333,288
DE_LU-PL,mnp,14,0.538449,-0.060128,-8.004625,41.666667,288
DE_LU-CZ,mnp,14,0.538449,-0.060128,-3.945818,21.875000,288
DE_LU-NL,mnp,14,0.538449,-0.060128,3.340398,13.541667,288
DE_LU-BE,mnp,14,0.538449,-0.060128,3.057668,13.194444,288
DE_LU-AT,mnp,14,0.538449,-0.060128,2.885013,11.458333,288
DE_LU-CH,mnp,14,0.538449,-0.060128,9.403441,27.083333,288
FR-BE,mnp,14,0.538449,-0.060128,-22.377760,64.583333,288
FR-CH,mnp,14,0.538449,-0.060128,-16.031986,45.486111,288
NL-BE,mnp,14,0.538449,-0.060128,-0.282730,10.069444,288
AT-CH,mnp,14,0.538449,-0.060128,6.518428,22.569444,288
AT-CZ,mnp,14,0.538449,-0.060128,-6.830831,26.736111,288
CZ-PL,mnp,14,0.538449,-0.060128,-4.058807,31.597222,288
DE_LU-FR,mnp,15,-0.668212,-0.770415,20.736459,72.569444,288
DE_LU-PL,mnp,15,-0.668212,-0.770415,-9.527379,50.000000,288
DE_LU-CZ,mnp,15,-0.668212,-0.770415,-5.136323,28.819444,288
DE_LU-NL,mnp,15,-0.668212,-0.770415,3.288943,14.583333,288
DE_LU-BE,mnp,15,-0.668212,-0.770415,2.664731,14.930556,288
DE_LU-AT,mnp,15,-0.668212,-0.770415,3.084803,13.541667,288
DE_LU-CH,mnp,15,-0.668212,-0.770415,7.623770,28.125000,288
FR-BE,mnp,15,-0.668212,-0.770415,-18.071728,65.972222,288
FR-CH,mnp,15,-0.668212,-0.770415,-13.112688,47.222222,288
NL-BE,mnp,15,-0.668212,-0.770415,-0.624212,11.111111,288
AT-CH,mnp,15,-0.668212,-0.770415,4.538967,22.569444,288
AT-CZ,mnp,15,-0.668212,-0.770415,-8.221126,36.805556,288
CZ-PL,mnp,15,-0.668212,-0.770415,-4.391056,36.458333,288
DE_LU-FR,mnp,16,1.197022,-0.727034,24.966014,67.013889,288
DE_LU-PL,mnp,16,1.197022,-0.727034,-6.894289,39.930556,288
DE_LU-CZ,mnp,16,1.197022,-0.727034,-3.208485,21.180556,288
DE_LU-NL,mnp,16,1.197022,-0.727034,2.895226,12.847222,288
DE_LU-BE,mnp,16,1.197022,-0.727034,2.560151,13.194444,288
DE_LU-AT,mnp,16,1.197022,-0.727034,2.655764,11.805556,288
DE_LU-CH,mnp,16,1.197022,-0.727034,9.566573,27.777778,288
FR-BE,mnp,16,1.197022,-0.727034,-22.405863,62.152778,288
FR-CH,mnp,16,1.197022,-0.727034,-15.399442,41.666667,288
NL-BE,mnp,16,1.197022,-0.727034,-0.335075,9.027778,288
AT-CH,mnp,16,1.197022,-0.727034,6.910808,23.263889,288
AT-CZ,mnp,16,1.197022,-0.727034,-5.864249,23.263889,288
CZ-PL,mnp,16,1.197022,-0.727034,-3.685805,30.902778,288
DE_LU-FR,mnp,17,0.238674,0.350753,25.726811,71.527778,288
DE_LU-PL,mnp,17,0.238674,0.350753,-8.908711,42.013889,288
DE_LU-CZ,mnp,17,0.238674,0.350753,-4.573424,25.694444,288
DE_LU-NL,mnp,17,0.238674,0.350753,3.482977,14.236111,288
DE_LU-BE,mnp,17,0.238674,0.350753,3.168130,13.541667,288
DE_LU-AT,mnp,17,0.238674,0.350753,3.136558,13.541667,288
DE_LU-CH,mnp,17,0.238674,0.350753,9.468276,27.777778,288
FR-BE,mnp,17,0.238674,0.350753,-22.558681,65.277778,288
FR-CH,mnp,17,0.238674,0.350753,-16.258535,46.180556,288
NL-BE,mnp,17,0.238674,0.350753,-0.314847,10.069444,288
AT-CH,mnp,17,0.238674,0.350753,6.331717,22.916667,288
AT-CZ,mnp,17,0.238674,0.350753,-7.709982,32.638889,288
CZ-PL,mnp,17,0.238674,0.350753,-4.335287,31.597222,288
DE_LU-FR,mnp,18,-2.083870,0.171015,21.021546,75.347222,288
DE_LU-PL,mnp,18,-2.083870,0.171015,-16.032561,70.486111,288
DE_LU-CZ,mnp,18,-2.083870,0.171015,-8.299140,36.458333,288
DE_LU-NL,mnp,18,-2.083870,0.171015,3.731701,18.750000,288
DE_LU-BE,mnp,18,-2.083870,0.171015,3.028999,20.138889,288
DE_LU-AT,mnp,18,-2.083870,0.171015,4.117235,13.888889,288
DE_LU-CH,mnp,18,-2.083870,0.171015,7.990672,28.819444,288
FR-BE,mnp,18,-2.083870,0.171015,-17.992547,66.666667,288
FR-CH,mnp,18,-2.083870,0.171015,-13.030874,48.958333,288
NL-BE,mnp,18,-2.083870,0.171015,-0.702702,15.972222,288
AT-CH,mnp,18,-2.083870,0.171015,3.873437,22.916667,288
AT-CZ,mnp,18,-2.083870,0.171015,-12.416375,46.180556,288
CZ-PL,mnp,18,-2.083870,0.171015,-7.733421,50.000000,288
DE_LU-FR,mnp,19,-0.569262,0.276542,23.776548,72.569444,288
DE_LU-PL,mnp,19,-0.569262,0.276542,-10.852361,51.388889,288
DE_LU-CZ,mnp,19,-0.569262,0.276542,-5.731731,28.819444,288
DE_LU-NL,mnp,19,-0.569262,0.276542,3.520117,14.930556,288
DE_LU-BE,mnp,19,-0.569262,0.276542,3.012875,15.277778,288
DE_LU-AT,mnp,19,-0.569262,0.276542,3.468447,13.541667,288
DE_LU-CH,mnp,19,-0.569262,0.276542,8.745743,28.125000,288
FR-BE,mnp,19,-0.569262,0.276542,-20.763673,65.972222,288
FR-CH,mnp,19,-0.569262,0.276542,-15.030805,47.222222,288
NL-BE,mnp,19,-0.569262,0.276542,-0.507242,11.111111,288
AT-CH,mnp,19,-0.569262,0.276542,5.277296,22.569444,288
AT-CZ,mnp,19,-0.569262,0.276542,-9.200178,37.152778,288
CZ-PL,mnp,19,-0.569262,0.276542,-5.120630,37.152778,288
DE_LU-FR,mnp,20,-1.368704,0.548568,23.519038,74.652778,288
DE_LU-PL,mnp,20,-1.368704,0.548568,-13.545618,62.500000,288
DE_LU-CZ,mnp,20,-1.368704,0.548568,-6.955180,33.680556,288
DE_LU-NL,mnp,20,-1.368704,0.548568,3.787757,16.666667,288
DE_LU-BE,mnp,20,-1.368704,0.548568,3.096152,18.055556,288
DE_LU-AT,mnp,20,-1.368704,0.548568,4.044533,13.888889,288
DE_LU-CH,mnp,20,-1.368704,0.548568,8.691552,28.125000,288
FR-BE,mnp,20,-1.368704,0.548568,-20.422886,66.666667,288
FR-CH,mnp,20,-1.368704,0.548568,-14.827486,48.958333,288
NL-BE,mnp,20,-1.368704,0.548568,-0.691605,12.847222,288
AT-CH,mnp,20,-1.368704,0.548568,4.647018,22.916667,288
AT-CZ,mnp,20,-1.368704,0.548568,-10.999713,43.402778,288
CZ-PL,mnp,20,-1.368704,0.548568,-6.590438,43.402778,288
DE_LU-FR,mnp,21,-0.826108,-2.747357,15.366333,73.263889,288
DE_LU-PL,mnp,21,-0.826108,-2.747357,-7.170412,43.402778,288
DE_LU-CZ,mnp,21,-0.826108,-2.747357,-4.062157,27.777778,288
DE_LU-NL,mnp,21,-0.826108,-2.747357,2.758250,14.930556,288
DE_LU-BE,mnp,21,-0.826108,-2.747357,1.906402,14.583333,288
DE_LU-AT,mnp,21,-0.826108,-2.747357,2.437070,13.888889,288
DE_LU-CH,mnp,21,-0.826108,-2.747357,5.673807,28.472222,288
FR-BE,mnp,21,-0.826108,-2.747357,-13.459931,66.666667,288
FR-CH,mnp,21,-0.826108,-2.747357,-9.692525,47.569444,288
NL-BE,mnp,21,-0.826108,-2.747357,-0.851848,10.416667,288
AT-CH,mnp,21,-0.826108,-2.747357,3.236737,23.263889,288
AT-CZ,mnp,21,-0.826108,-2.747357,-6.499227,35.069444,288
CZ-PL,mnp,21,-0.826108,-2.747357,-3.108255,30.208333,288
DE_LU-FR,mnp,22,0.361224,0.113311,25.421923,71.180556,288
DE_LU-PL,mnp,22,0.361224,0.113311,-8.442457,38.888889,288
DE_LU-CZ,mnp,22,0.361224,0.113311,-4.269242,24.305556,288
DE_LU-NL,mnp,22,0.361224,0.113311,3.383591,14.236111,288
DE_LU-BE,mnp,22,0.361224,0.113311,3.084885,13.541667,288
DE_LU-AT,mnp,22,0.361224,0.113311,3.002678,12.152778,288
DE_LU-CH,mnp,22,0.361224,0.113311,9.375842,27.430556,288
FR-BE,mnp,22,0.361224,0.113311,-22.337037,64.930556,288
FR-CH,mnp,22,0.361224,0.113311,-16.046081,45.833333,288
NL-BE,mnp,22,0.361224,0.113311,-0.298706,10.416667,288
AT-CH,mnp,22,0.361224,0.113311,6.373164,22.569444,288
AT-CZ,mnp,22,0.361224,0.113311,-7.271920,30.208333,288
CZ-PL,mnp,22,0.361224,0.113311,-4.173215,29.513889,288
DE_LU-FR,mnp,23,-2.034675,-0.688846,18.787530,75.347222,288
DE_LU-PL,mnp,23,-2.034675,-0.688846,-14.161996,65.972222,288
DE_LU-CZ,mnp,23,-2.034675,-0.688846,-7.482112,34.722222,288
DE_LU-NL,mnp,23,-2.034675,-0.688846,3.494705,18.055556,288
DE_LU-BE,mnp,23,-2.034675,-0.688846,2.620454,20.138889,288
DE_LU-AT,mnp,23,-2.034675,-0.688846,3.730460,13.888889,288
DE_LU-CH,mnp,23,-2.034675,-0.688846,7.094633,28.819444,288
FR-BE,mnp,23,-2.034675,-0.688846,-16.167076,65.972222,288
FR-CH,mnp,23,-2.034675,-0.688846,-11.692897,48.958333,288
NL-BE,mnp,23,-2.034675,-0.688846,-0.874250,15.625000,288
AT-CH,mnp,23,-2.034675,-0.688846,3.364173,23.263889,288
AT-CZ,mnp,23,-2.034675,-0.688846,-11.212571,44.444444,288
CZ-PL,mnp,23,-2.034675,-0.688846,-6.679884,46.875000,288
DE_LU-FR,mnp,24,-0.450022,-1.526510,19.233624,72.916667,288
DE_LU-PL,mnp,24,-0.450022,-1.526510,-7.927174,42.361111,288
DE_LU-CZ,mnp,24,-0.450022,-1.526510,-4.325088,26.388889,288
DE_LU-NL,mnp,24,-0.450022,-1.526510,2.983697,14.583333,288
DE_LU-BE,mnp,24,-0.450022,-1.526510,2.373908,14.236111,288
DE_LU-AT,mnp,24,-0.450022,-1.526510,2.697548,13.888889,288
DE_LU-CH,mnp,24,-0.450022,-1.526510,7.093755,28.125000,288
FR-BE,mnp,24,-0.450022,-1.526510,-16.859716,66.666667,288
FR-CH,mnp,24,-0.450022,-1.526510,-12.139870,47.569444,288
NL-BE,mnp,24,-0.450022,-1.526510,-0.609789,10.763889,288
AT-CH,mnp,24,-0.450022,-1.526510,4.396206,22.916667,288
AT-CZ,mnp,24,-0.450022,-1.526510,-7.022637,33.680556,288
CZ-PL,mnp,24,-0.450022,-1.526510,-3.602086,31.250000,288
DE_LU-FR,mnp,25,1.134207,1.735230,31.617206,70.833333,288
DE_LU-PL,mnp,25,1.134207,1.735230,-8.989569,40.972222,288
DE_LU-CZ,mnp,25,1.134207,1.735230,-4.346002,23.263889,288
DE_LU-NL,mnp,25,1.134207,1.735230,3.965798,14.583333,288
DE_LU-BE,mnp,25,1.134207,1.735230,3.870522,13.194444,288
DE_LU-AT,mnp,25,1.134207,1.735230,3.351163,12.152778,288
DE_LU-CH,mnp,25,1.134207,1.735230,11.590461,27.430556,288
FR-BE,mnp,25,1.134207,1.735230,-27.746684,64.583333,288
FR-CH,mnp,25,1.134207,1.735230,-20.026744,45.486111,288
NL-BE,mnp,25,1.134207,1.735230,-0.095276,9.722222,288
AT-CH,mnp,25,1.134207,1.735230,8.239298,22.916667,288
AT-CZ,mnp,25,1.134207,1.735230,-7.697165,27.430556,288
CZ-PL,mnp,25,1.134207,1.735230,-4.643567,30.208333,288
DE_LU-FR,mnp,26,0.742427,1.239212,29.397240,71.180556,288
DE_LU-PL,mnp,26,0.742427,1.239212,-8.988131,40.972222,288
DE_LU-CZ,mnp,26,0.742427,1.239212,-4.425286,23.263889,288
DE_LU-NL,mnp,26,0.742427,1.239212,3.787449,14.236111,288
DE_LU-BE,mnp,26,0.742427,1.239212,3.630958,13.194444,288
DE_LU-AT,mnp,26,0.742427,1.239212,3.289185,11.805556,288
DE_LU-CH,mnp,26,0.742427,1.239212,10.775985,27.430556,288
FR-BE,mnp,26,0.742427,1.239212,-25.766282,64.930556,288
FR-CH,mnp,26,0.742427,1.239212,-18.621255,45.833333,288
NL-BE,mnp,26,0.742427,1.239212,-0.156491,10.416667,288
AT-CH,mnp,26,0.742427,1.239212,7.486800,22.569444,288
AT-CZ,mnp,26,0.742427,1.239212,-7.714471,28.472222,288
CZ-PL,mnp,26,0.742427,1.239212,-4.562845,30.902778,288
DE_LU-FR,mnp,27,-1.609917,-0.611588,19.849737,75.000000,288
DE_LU-PL,mnp,27,-1.609917,-0.611588,-12.540000,60.763889,288
DE_LU-CZ,mnp,27,-1.609917,-0.611588,-6.584368,32.986111,288
DE_LU-NL,mnp,27,-1.609917,-0.611588,3.536619,16.666667,288
DE_LU-BE,mnp,27,-1.609917,-0.611588,2.645691,18.055556,288
DE_LU-AT,mnp,27,-1.609917,-0.611588,3.604041,13.888889,288
DE_LU-CH,mnp,27,-1.609917,-0.611588,7.341349,28.125000,288
FR-BE,mnp,27,-1.609917,-0.611588,-17.204046,67.013889,288
FR-CH,mnp,27,-1.609917,-0.611588,-12.508388,49.305556,288
NL-BE,mnp,27,-1.609917,-0.611588,-0.890928,12.847222,288
AT-CH,mnp,27,-1.609917,-0.611588,3.737308,22.916667,288
AT-CZ,mnp,27,-1.609917,-0.611588,-10.188409,42.361111,288
CZ-PL,mnp,27,-1.609917,-0.611588,-5.955632,43.055556,288
DE_LU-FR,mnp,28,-1.502852,-0.664543,19.862518,73.958333,288
DE_LU-PL,mnp,28,-1.502852,-0.664543,-12.103476,59.722222,288
DE_LU-CZ,mnp,28,-1.502852,-0.664543,-6.389454,31.944444,288
DE_LU-NL,mnp,28,-1.502852,-0.664543,3.497981,15.277778,288
DE_LU-BE,mnp,28,-1.502852,-0.664543,2.613071,17.013889,288
DE_LU-AT,mnp,28,-1.502852,-0.664543,3.554790,13.888889,288
DE_LU-CH,mnp,28,-1.502852,-0.664543,7.330674,28.125000,288
FR-BE,mnp,28,-1.502852,-0.664543,-17.249447,67.013889,288
FR-CH,mnp,28,-1.502852,-0.664543,-12.531844,48.263889,288
NL-BE,mnp,28,-1.502852,-0.664543,-0.884909,12.500000,288
AT-CH,mnp,28,-1.502852,-0.664543,3.775885,22.916667,288
AT-CZ,mnp,28,-1.502852,-0.664543,-9.944243,41.319444,288
CZ-PL,mnp,28,-1.502852,-0.664543,-5.714022,42.708333,288
DE_LU-FR,mnp,29,-0.041075,0.404953,25.238706,72.222222,288
DE_LU-PL,mnp,29,-0.041075,0.404953,-9.562517,47.569444,288
DE_LU-CZ,mnp,29,-0.041075,0.404953,-4.991102,26.041667,288
DE_LU-NL,mnp,29,-0.041075,0.404953,3.546757,15.277778,288
DE_LU-BE,mnp,29,-0.041075,0.404953,3.182104,14.236111,288
DE_LU-AT,mnp,29,-0.041075,0.404953,3.299782,13.888889,288
DE_LU-CH,mnp,29,-0.041075,0.404953,9.281369,28.125000,288
FR-BE,mnp,29,-0.041075,0.404953,-22.056603,65.972222,288
FR-CH,mnp,29,-0.041075,0.404953,-15.957337,46.875000,288
NL-BE,mnp,29,-0.041075,0.404953,-0.364653,11.458333,288
AT-CH,mnp,29,-0.041075,0.404953,5.981587,22.916667,288
AT-CZ,mnp,29,-0.041075,0.404953,-8.290884,33.680556,288
CZ-PL,mnp,29,-0.041075,0.404953,-4.571416,36.458333,288
DE_LU-FR,mnp,30,-2.420971,-1.215444,16.390734,75.347222,288
DE_LU-PL,mnp,30,-2.420971,-1.215444,-15.107306,69.097222,288
DE_LU-CZ,mnp,30,-2.420971,-1.215444,-7.952028,36.805556,288
DE_LU-NL,mnp,30,-2.420971,-1.215444,3.292310,19.444444,288
DE_LU-BE,mnp,30,-2.420971,-1.215444,2.380095,20.486111,288
DE_LU-AT,mnp,30,-2.420971,-1.215444,3.776576,13.888889,288
DE_LU-CH,mnp,30,-2.420971,-1.215444,6.551474,29.166667,288
FR-BE,mnp,30,-2.420971,-1.215444,-14.010639,65.277778,288
FR-CH,mnp,30,-2.420971,-1.215444,-9.839260,47.916667,288
NL-BE,mnp,30,-2.420971,-1.215444,-0.912215,15.625000,288
AT-CH,mnp,30,-2.420971,-1.215444,2.774898,21.875000,288
AT-CZ,mnp,30,-2.420971,-1.215444,-11.728604,46.527778,288
CZ-PL,mnp,30,-2.420971,-1.215444,-7.155278,48.263889,288
DE_LU-FR,mnp,31,-1.136930,-0.693633,20.220498,72.569444,288
DE_LU-PL,mnp,31,-1.136930,-0.693633,-10.917687,56.944444,288
DE_LU-CZ,mnp,31,-1.136930,-0.693633,-5.843188,31.250000,288
DE_LU-NL,mnp,31,-1.136930,-0.693633,3.425814,14.930556,288
DE_LU-BE,mnp,31,-1.136930,-0.693633,2.642293,15.972222,288
DE_LU-AT,mnp,31,-1.136930,-0.693633,3.396459,13.888889,288
DE_LU-CH,mnp,31,-1.136930,-0.693633,7.445987,28.125000,288
FR-BE,mnp,31,-1.136930,-0.693633,-17.578205,65.972222,288
FR-CH,mnp,31,-1.136930,-0.693633,-12.774512,46.875000,288
NL-BE,mnp,31,-1.136930,-0.693633,-0.783521,12.500000,288
AT-CH,mnp,31,-1.136930,-0.693633,4.049527,22.916667,288
AT-CZ,mnp,31,-1.136930,-0.693633,-9.239647,40.277778,288
CZ-PL,mnp,31,-1.136930,-0.693633,-5.074499,41.319444,288
DE_LU-FR,mnp,32,-1.005003,-0.270930,21.553600,72.569444,288
DE_LU-PL,mnp,32,-1.005003,-0.270930,-11.191128,54.513889,288
DE_LU-CZ,mnp,32,-1.005003,-0.270930,-5.933092,30.902778,288
DE_LU-NL,mnp,32,-1.005003,-0.270930,3.485835,14.930556,288
DE_LU-BE,mnp,32,-1.005003,-0.270930,2.792294,15.972222,288
DE_LU-AT,mnp,32,-1.005003,-0.270930,3.476437,13.541667,288
DE_LU-CH,mnp,32,-1.005003,-0.270930,7.915012,28.125000,288
FR-BE,mnp,32,-1.005003,-0.270930,-18.761306,65.972222,288
FR-CH,mnp,32,-1.005003,-0.270930,-13.638588,46.875000,288
NL-BE,mnp,32,-1.005003,-0.270930,-0.693541,12.500000,288
AT-CH,mnp,32,-1.005003,-0.270930,4.438575,22.916667,288
AT-CZ,mnp,32,-1.005003,-0.270930,-9.409529,39.583333,288
CZ-PL,mnp,32,-1.005003,-0.270930,-5.258036,39.236111,288
DE_LU-FR,mnp,33,1.275404,1.810060,32.105935,70.486111,288
DE_LU-PL,mnp,33,1.275404,1.810060,-8.958773,39.583333,288
DE_LU-CZ,mnp,33,1.275404,1.810060,-4.268764,22.222222,288
DE_LU-NL,mnp,33,1.275404,1.810060,3.991918,14.236111,288
DE_LU-BE,mnp,33,1.275404,1.810060,3.904477,12.847222,288
DE_LU-AT,mnp,33,1.275404,1.810060,3.357310,11.458333,288
DE_LU-CH,mnp,33,1.275404,1.810060,11.782015,27.430556,288
FR-BE,mnp,33,1.275404,1.810060,-28.201459,64.236111,288
FR-CH,mnp,33,1.275404,1.810060,-20.323921,45.138889,288
NL-BE,mnp,33,1.275404,1.810060,-0.087442,9.722222,288
AT-CH,mnp,33,1.275404,1.810060,8.424705,22.569444,288
AT-CZ,mnp,33,1.275404,1.810060,-7.626074,26.388889,288
CZ-PL,mnp,33,1.275404,1.810060,-4.690009,29.513889,288
DE_LU-FR,mnp,34,0.781727,0.758113,28.191459,70.833333,288
DE_LU-PL,mnp,34,0.781727,0.758113,-8.475872,41.319444,288
DE_LU-CZ,mnp,34,0.781727,0.758113,-4.144082,22.222222,288
DE_LU-NL,mnp,34,0.781727,0.758113,3.630361,14.236111,288
DE_LU-BE,mnp,34,0.781727,0.758113,3.432999,13.194444,288
DE_LU-AT,mnp,34,0.781727,0.758113,3.093705,11.805556,288
DE_LU-CH,mnp,34,0.781727,0.758113,10.369822,27.430556,288
FR-BE,mnp,34,0.781727,0.758113,-24.758461,64.583333,288
FR-CH,mnp,34,0.781727,0.758113,-17.821637,45.486111,288
NL-BE,mnp,34,0.781727,0.758113,-0.197362,10.069444,288
AT-CH,mnp,34,0.781727,0.758113,7.276117,22.569444,288
AT-CZ,mnp,34,0.781727,0.758113,-7.237787,27.083333,288
CZ-PL,mnp,34,0.781727,0.758113,-4.331790,31.597222,288
DE_LU-FR,mnp,35,-0.089200,2.308047,30.530489,73.263889,288
DE_LU-PL,mnp,35,-0.089200,2.308047,-12.461122,50.694444,288
DE_LU-CZ,mnp,35,-0.089200,2.308047,-6.273715,27.083333,288
DE_LU-NL,mnp,35,-0.089200,2.308047,4.215199,14.583333,288
DE_LU-BE,mnp,35,-0.089200,2.308047,3.982737,15.625000,288
DE_LU-AT,mnp,35,-0.089200,2.308047,4.078614,13.541667,288
DE_LU-CH,mnp,35,-0.089200,2.308047,11.102413,28.472222,288
FR-BE,mnp,35,-0.089200,2.308047,-26.547752,67.013889,288
FR-CH,mnp,35,-0.089200,2.308047,-19.428076,47.569444,288
NL-BE,mnp,35,-0.089200,2.308047,-0.232461,12.152778,288
AT-CH,mnp,35,-0.089200,2.308047,7.023799,22.916667,288
AT-CZ,mnp,35,-0.089200,2.308047,-10.352329,35.416667,288
CZ-PL,mnp,35,-0.089200,2.308047,-6.187407,38.194444,288
DE_LU-FR,mnp,36,-0.744382,-1.086713,19.767782,72.916667,288
DE_LU-PL,mnp,36,-0.744382,-1.086713,-9.238853,50.347222,288
DE_LU-CZ,mnp,36,-0.744382,-1.086713,-5.036615,28.819444,288
DE_LU-NL,mnp,36,-0.744382,-1.086713,3.221773,14.583333,288
DE_LU-BE,mnp,36,-0.744382,-1.086713,2.547987,14.930556,288
DE_LU-AT,mnp,36,-0.744382,-1.086713,2.989543,13.541667,288
DE_LU-CH,mnp,36,-0.744382,-1.086713,7.263065,28.125000,288
FR-BE,mnp,36,-0.744382,-1.086713,-17.219795,66.319444,288
FR-CH,mnp,36,-0.744382,-1.086713,-12.504717,47.569444,288
NL-BE,mnp,36,-0.744382,-1.086713,-0.673786,11.111111,288
AT-CH,mnp,36,-0.744382,-1.086713,4.273523,22.569444,288
AT-CZ,mnp,36,-0.744382,-1.086713,-8.026157,36.805556,288
CZ-PL,mnp,36,-0.744382,-1.086713,-4.202238,36.458333,288
DE_LU-FR,mnp,37,0.987486,-0.067784,26.335831,69.097222,288
DE_LU-PL,mnp,37,0.987486,-0.067784,-7.595398,38.888889,288
DE_LU-CZ,mnp,37,0.987486,-0.067784,-3.626339,21.180556,288
DE_LU-NL,mnp,37,0.987486,-0.067784,3.252468,14.583333,288
DE_LU-BE,mnp,37,0.987486,-0.067784,2.966970,13.194444,288
DE_LU-AT,mnp,37,0.987486,-0.067784,2.805835,11.111111,288
DE_LU-CH,mnp,37,0.987486,-0.067784,9.823798,27.430556,288
FR-BE,mnp,37,0.987486,-0.067784,-23.368861,63.541667,288
FR-CH,mnp,37,0.987486,-0.067784,-16.512033,43.750000,288
NL-BE,mnp,37,0.987486,-0.067784,-0.285498,9.722222,288
AT-CH,mnp,37,0.987486,-0.067784,7.017963,22.569444,288
AT-CZ,mnp,37,0.987486,-0.067784,-6.432175,25.000000,288
CZ-PL,mnp,37,0.987486,-0.067784,-3.969059,28.125000,288
DE_LU-FR,mnp,38,-0.121814,0.557868,25.454523,72.916667,288
DE_LU-PL,mnp,38,-0.121814,0.557868,-9.977492,48.958333,288
DE_LU-CZ,mnp,38,-0.121814,0.557868,-5.206355,27.083333,288
DE_LU-NL,mnp,38,-0.121814,0.557868,3.618590,14.930556,288
DE_LU-BE,mnp,38,-0.121814,0.557868,3.234449,14.236111,288
DE_LU-AT,mnp,38,-0.121814,0.557868,3.380343,13.888889,288
DE_LU-CH,mnp,38,-0.121814,0.557868,9.358996,28.125000,288
FR-BE,mnp,38,-0.121814,0.557868,-22.220074,66.666667,288
FR-CH,mnp,38,-0.121814,0.557868,-16.095526,47.569444,288
NL-BE,mnp,38,-0.121814,0.557868,-0.384141,11.111111,288
AT-CH,mnp,38,-0.121814,0.557868,5.978653,22.916667,288
AT-CZ,mnp,38,-0.121814,0.557868,-8.586698,34.722222,288
CZ-PL,mnp,38,-0.121814,0.557868,-4.771138,37.500000,288
DE_LU-FR,mnp,39,-0.297779,-0.250337,22.847283,72.569444,288
DE_LU-PL,mnp,39,-0.297779,-0.250337,-9.302999,47.916667,288
DE_LU-CZ,mnp,39,-0.297779,-0.250337,-4.947353,27.083333,288
DE_LU-NL,mnp,39,-0.297779,-0.250337,3.339328,14.930556,288
DE_LU-BE,mnp,39,-0.297779,-0.250337,2.861564,14.236111,288
DE_LU-AT,mnp,39,-0.297779,-0.250337,3.138546,13.888889,288
DE_LU-CH,mnp,39,-0.297779,-0.250337,8.420043,28.125000,288
FR-BE,mnp,39,-0.297779,-0.250337,-19.985719,65.972222,288
FR-CH,mnp,39,-0.297779,-0.250337,-14.427240,47.222222,288
NL-BE,mnp,39,-0.297779,-0.250337,-0.477763,10.763889,288
AT-CH,mnp,39,-0.297779,-0.250337,5.281497,22.916667,288
AT-CZ,mnp,39,-0.297779,-0.250337,-8.085899,34.722222,288
CZ-PL,mnp,39,-0.297779,-0.250337,-4.355646,36.111111,288
DE_LU-FR,mnp,40,0.580996,0.974336,28.283353,71.180556,288
DE_LU-PL,mnp,40,0.580996,0.974336,-8.986880,39.236111,288
DE_LU-CZ,mnp,40,0.580996,0.974336,-4.473593,24.305556,288
DE_LU-NL,mnp,40,0.580996,0.974336,3.689333,14.930556,288
DE_LU-BE,mnp,40,0.580996,0.974336,3.487594,13.541667,288
DE_LU-AT,mnp,40,0.580996,0.974336,3.236018,11.805556,288
DE_LU-CH,mnp,40,0.580996,0.974336,10.375099,27.430556,288
FR-BE,mnp,40,0.580996,0.974336,-24.795760,64.930556,288
FR-CH,mnp,40,0.580996,0.974336,-17.908254,45.833333,288
NL-BE,mnp,40,0.580996,0.974336,-0.201740,10.763889,288
AT-CH,mnp,40,0.580996,0.974336,7.139081,22.569444,288
AT-CZ,mnp,40,0.580996,0.974336,-7.709611,29.861111,288
CZ-PL,mnp,40,0.580996,0.974336,-4.513288,29.513889,288
DE_LU-FR,mnp,41,-0.158012,-0.715770,21.952196,71.875000,288
DE_LU-PL,mnp,41,-0.158012,-0.715770,-8.409438,42.361111,288
DE_LU-CZ,mnp,41,-0.158012,-0.715770,-4.488875,25.694444,288
DE_LU-NL,mnp,41,-0.158012,-0.715770,3.123507,14.236111,288
DE_LU-BE,mnp,41,-0.158012,-0.715770,2.658927,13.888889,288
DE_LU-AT,mnp,41,-0.158012,-0.715770,2.902523,13.194444,288
DE_LU-CH,mnp,41,-0.158012,-0.715770,8.140355,27.777778,288
FR-BE,mnp,41,-0.158012,-0.715770,-19.293269,65.625000,288
FR-CH,mnp,41,-0.158012,-0.715770,-13.811841,46.527778,288
NL-BE,mnp,41,-0.158012,-0.715770,-0.464580,10.416667,288
AT-CH,mnp,41,-0.158012,-0.715770,5.237832,22.569444,288
AT-CZ,mnp,41,-0.158012,-0.715770,-7.391398,32.986111,288
CZ-PL,mnp,41,-0.158012,-0.715770,-3.920563,31.597222,288
DE_LU-FR,mnp,42,-1.443540,-1.096104,18.716448,73.611111,288
DE_LU-PL,mnp,42,-1.443540,-1.096104,-11.273412,59.027778,288
DE_LU-CZ,mnp,42,-1.443540,-1.096104,-6.069457,31.944444,288
DE_LU-NL,mnp,42,-1.443540,-1.096104,3.373991,14.583333,288
DE_LU-BE,mnp,42,-1.443540,-1.096104,2.455802,16.319444,288
DE_LU-AT,mnp,42,-1.443540,-1.096104,3.351370,13.888889,288
DE_LU-CH,mnp,42,-1.443540,-1.096104,6.892685,28.125000,288
FR-BE,mnp,42,-1.443540,-1.096104,-16.260646,67.013889,288
FR-CH,mnp,42,-1.443540,-1.096104,-11.823763,47.916667,288
NL-BE,mnp,42,-1.443540,-1.096104,-0.918189,12.500000,288
AT-CH,mnp,42,-1.443540,-1.096104,3.541315,22.916667,288
AT-CZ,mnp,42,-1.443540,-1.096104,-9.420827,41.319444,288
CZ-PL,mnp,42,-1.443540,-1.096104,-5.203955,42.708333,288
DE_LU-FR,mnp,43,-0.236189,0.314682,24.503122,72.916667,288
DE_LU-PL,mnp,43,-0.236189,0.314682,-9.956093,48.263889,288
DE_LU-CZ,mnp,43,-0.236189,0.314682,-5.227555,26.388889,288
DE_LU-NL,mnp,43,-0.236189,0.314682,3.537721,14.583333,288
DE_LU-BE,mnp,43,-0.236189,0.314682,3.107869,14.236111,288
DE_LU-AT,mnp,43,-0.236189,0.314682,3.334767,13.541667,288
DE_LU-CH,mnp,43,-0.236189,0.314682,9.015925,28.125000,288
FR-BE,mnp,43,-0.236189,0.314682,-21.395253,66.666667,288
FR-CH,mnp,43,-0.236189,0.314682,-15.487197,47.569444,288
NL-BE,mnp,43,-0.236189,0.314682,-0.429852,11.111111,288
AT-CH,mnp,43,-0.236189,0.314682,5.681158,22.569444,288
AT-CZ,mnp,43,-0.236189,0.314682,-8.562323,34.375000,288
CZ-PL,mnp,43,-0.236189,0.314682,-4.728537,37.152778,288
DE_LU-FR,mnp,44,0.086571,0.184545,24.943403,71.875000,288
DE_LU-PL,mnp,44,0.086571,0.184545,-8.993572,43.402778,288
DE_LU-CZ,mnp,44,0.086571,0.184545,-4.685709,26.388889,288
DE_LU-NL,mnp,44,0.086571,0.184545,3.453520,14.236111,288
DE_LU-BE,mnp,44,0.086571,0.184545,3.096911,14.236111,288
DE_LU-AT,mnp,44,0.086571,0.184545,3.136151,13.541667,288
DE_LU-CH,mnp,44,0.086571,0.184545,9.170212,27.777778,288
FR-BE,mnp,44,0.086571,0.184545,-21.846492,65.625000,288
FR-CH,mnp,44,0.086571,0.184545,-15.773191,46.527778,288
NL-BE,mnp,44,0.086571,0.184545,-0.356610,10.069444,288
AT-CH,mnp,44,0.086571,0.184545,6.034060,22.916667,288
AT-CZ,mnp,44,0.086571,0.184545,-7.821860,33.333333,288
CZ-PL,mnp,44,0.086571,0.184545,-4.307863,32.638889,288
DE_LU-FR,mnp,45,0.494676,0.221072,26.046887,71.180556,288
DE_LU-PL,mnp,45,0.494676,0.221072,-8.351000,40.972222,288
DE_LU-CZ,mnp,45,0.494676,0.221072,-4.145345,23.611111,288
DE_LU-NL,mnp,45,0.494676,0.221072,3.438721,13.888889,288
DE_LU-BE,mnp,45,0.494676,0.221072,3.172103,13.541667,288
DE_LU-AT,mnp,45,0.494676,0.221072,2.990550,11.458333,288
DE_LU-CH,mnp,45,0.494676,0.221072,9.602225,27.083333,288
FR-BE,mnp,45,0.494676,0.221072,-22.874784,64.930556,288
FR-CH,mnp,45,0.494676,0.221072,-16.444662,45.833333,288
NL-BE,mnp,45,0.494676,0.221072,-0.266618,10.069444,288
AT-CH,mnp,45,0.494676,0.221072,6.611676,22.569444,288
AT-CZ,mnp,45,0.494676,0.221072,-7.135895,28.819444,288
CZ-PL,mnp,45,0.494676,0.221072,-4.205655,31.944444,288
DE_LU-FR,mnp,46,-0.022110,0.393309,25.249482,72.222222,288
DE_LU-PL,mnp,46,-0.022110,0.393309,-9.501808,46.527778,288
DE_LU-CZ,mnp,46,-0.022110,0.393309,-4.953202,26.041667,288
DE_LU-NL,mnp,46,-0.022110,0.393309,3.536749,15.277778,288
DE_LU-BE,mnp,46,-0.022110,0.393309,3.176645,14.236111,288
DE_LU-AT,mnp,46,-0.022110,0.393309,3.286099,13.541667,288
DE_LU-CH,mnp,46,-0.022110,0.393309,9.280191,27.777778,288
FR-BE,mnp,46,-0.022110,0.393309,-22.072837,65.972222,288
FR-CH,mnp,46,-0.022110,0.393309,-15.969291,46.875000,288
NL-BE,mnp,46,-0.022110,0.393309,-0.360104,11.458333,288
AT-CH,mnp,46,-0.022110,0.393309,5.994092,22.916667,288
AT-CZ,mnp,46,-0.022110,0.393309,-8.239302,33.333333,288
CZ-PL,mnp,46,-0.022110,0.393309,-4.548606,35.416667,288
DE_LU-FR,mnp,47,-0.330310,-0.796405,21.347343,72.222222,288
DE_LU-PL,mnp,47,-0.330310,-0.796405,-8.646424,44.791667,288
DE_LU-CZ,mnp,47,-0.330310,-0.796405,-4.645186,26.041667,288
DE_LU-NL,mnp,47,-0.330310,-0.796405,3.145781,14.930556,288
DE_LU-BE,mnp,47,-0.330310,-0.796405,2.633310,14.236111,288
DE_LU-AT,mnp,47,-0.330310,-0.796405,2.945989,13.541667,288
DE_LU-CH,mnp,47,-0.330310,-0.796405,7.871617,27.777778,288
FR-BE,mnp,47,-0.330310,-0.796405,-18.714032,65.625000,288
FR-CH,mnp,47,-0.330310,-0.796405,-13.475726,46.875000,288
NL-BE,mnp,47,-0.330310,-0.796405,-0.512471,11.111111,288
AT-CH,mnp,47,-0.330310,-0.796405,4.925627,22.916667,288
AT-CZ,mnp,47,-0.330310,-0.796405,-7.591175,32.986111,288
CZ-PL,mnp,47,-0.330310,-0.796405,-4.001239,32.986111,288
DE_LU-FR,mnp,48,0.456290,0.616913,27.021654,70.833333,288
DE_LU-PL,mnp,48,0.456290,0.616913,-8.808582,39.236111,288
DE_LU-CZ,mnp,48,0.456290,0.616913,-4.427252,24.305556,288
DE_LU-NL,mnp,48,0.456290,0.616913,3.563791,14.930556,288
DE_LU-BE,mnp,48,0.456290,0.616913,3.314556,13.541667,288
DE_LU-AT,mnp,48,0.456290,0.616913,3.152283,12.152778,288
DE_LU-CH,mnp,48,0.456290,0.616913,9.931195,27.430556,288
FR-BE,mnp,48,0.456290,0.616913,-23.707097,64.583333,288
FR-CH,mnp,48,0.456290,0.616913,-17.090458,45.486111,288
NL-BE,mnp,48,0.456290,0.616913,-0.249235,10.763889,288
AT-CH,mnp,48,0.456290,0.616913,6.778913,22.569444,288
AT-CZ,mnp,48,0.456290,0.616913,-7.579534,30.208333,288
CZ-PL,mnp,48,0.456290,0.616913,-4.381330,29.513889,288
DE_LU-FR,mnp,49,1.459019,0.692542,29.384155,66.666667,288
DE_LU-PL,mnp,49,1.459019,0.692542,-7.867270,39.583333,288
DE_LU-CZ,mnp,49,1.459019,0.692542,-3.660983,21.527778,288
DE_LU-NL,mnp,49,1.459019,0.692542,3.446384,14.583333,288
DE_LU-BE,mnp,49,1.459019,0.692542,3.266152,13.541667,288
DE_LU-AT,mnp,49,1.459019,0.692542,3.038233,11.111111,288
DE_LU-CH,mnp,49,1.459019,0.692542,11.013612,27.430556,288
FR-BE,mnp,49,1.459019,0.692542,-26.118004,61.458333,288
FR-CH,mnp,49,1.459019,0.692542,-18.370543,41.319444,288
NL-BE,mnp,49,1.459019,0.692542,-0.180232,9.375000,288
AT-CH,mnp,49,1.459019,0.692542,7.975379,22.916667,288
AT-CZ,mnp,49,1.459019,0.692542,-6.699217,23.611111,288
CZ-PL,mnp,49,1.459019,0.692542,-4.206286,29.861111,288
DE_LU-FR,mnp,50,0.022777,0.131268,24.654274,71.875000,288
DE_LU-PL,mnp,50,0.022777,0.131268,-9.054558,43.750000,288
DE_LU-CZ,mnp,50,0.022777,0.131268,-4.739864,26.388889,288
DE_LU-NL,mnp,50,0.022777,0.131268,3.438930,14.583333,288
DE_LU-BE,mnp,50,0.022777,0.131268,3.067358,14.583333,288
DE_LU-AT,mnp,50,0.022777,0.131268,3.147339,13.541667,288
DE_LU-CH,mnp,50,0.022777,0.131268,9.065869,27.777778,288
FR-BE,mnp,50,0.022777,0.131268,-21.586916,65.625000,288
FR-CH,mnp,50,0.022777,0.131268,-15.588405,46.527778,288
NL-BE,mnp,50,0.022777,0.131268,-0.371573,10.416667,288
AT-CH,mnp,50,0.022777,0.131268,5.918529,22.916667,288
AT-CZ,mnp,50,0.022777,0.131268,-7.887204,33.333333,288
CZ-PL,mnp,50,0.022777,0.131268,-4.314694,32.986111,288
DE_LU-FR,mnp,51,1.334060,1.687591,31.877111,70.138889,288
DE_LU-PL,mnp,51,1.334060,1.687591,-8.825642,38.888889,288
DE_LU-CZ,mnp,51,1.334060,1.687591,-4.163098,21.180556,288
DE_LU-NL,mnp,51,1.334060,1.687591,3.944898,14.236111,288
DE_LU-BE,mnp,51,1.334060,1.687591,3.843764,12.847222,288
DE_LU-AT,mnp,51,1.334060,1.687591,3.309951,11.458333,288
DE_LU-CH,mnp,51,1.334060,1.687591,11.719413,27.430556,288
FR-BE,mnp,51,1.334060,1.687591,-28.033347,63.888889,288
FR-CH,mnp,51,1.334060,1.687591,-20.157699,44.791667,288
NL-BE,mnp,51,1.334060,1.687591,-0.101133,9.722222,288
AT-CH,mnp,51,1.334060,1.687591,8.409462,22.569444,288
AT-CZ,mnp,51,1.334060,1.687591,-7.473049,25.347222,288
CZ-PL,mnp,51,1.334060,1.687591,-4.662543,29.166667,288
DE_LU-FR,mnp,52,-0.479891,0.459232,24.447188,72.569444,288
DE_LU-PL,mnp,52,-0.479891,0.459232,-10.885153,51.041667,288
DE_LU-CZ,mnp,52,-0.479891,0.459232,-5.718348,28.819444,288
DE_LU-NL,mnp,52,-0.479891,0.459232,3.567101,14.930556,288
DE_LU-BE,mnp,52,-0.479891,0.459232,3.101311,15.277778,288
DE_LU-AT,mnp,52,-0.479891,0.459232,3.507040,13.541667,288
DE_LU-CH,mnp,52,-0.479891,0.459232,8.990186,28.125000,288
FR-BE,mnp,52,-0.479891,0.459232,-21.345877,65.972222,288
FR-CH,mnp,52,-0.479891,0.459232,-15.457002,47.222222,288
NL-BE,mnp,52,-0.479891,0.459232,-0.465790,11.111111,288
AT-CH,mnp,52,-0.479891,0.459232,5.483146,22.569444,288
AT-CZ,mnp,52,-0.479891,0.459232,-9.225388,37.152778,288
CZ-PL,mnp,52,-0.479891,0.459232,-5.166805,36.805556,288
DE_LU-FR,mnp,53,-0.201312,0.690235,25.625824,72.569444,288
DE_LU-PL,mnp,53,-0.201312,0.690235,-10.395239,48.611111,288
DE_LU-CZ,mnp,53,-0.201312,0.690235,-5.411519,27.083333,288
DE_LU-NL,mnp,53,-0.201312,0.690235,3.669914,14.583333,288
DE_LU-BE,mnp,53,-0.201312,0.690235,3.276836,14.583333,288
DE_LU-AT,mnp,53,-0.201312,0.690235,3.471956,13.541667,288
DE_LU-CH,mnp,53,-0.201312,0.690235,9.408150,28.125000,288
FR-BE,mnp,53,-0.201312,0.690235,-22.348988,66.319444,288
FR-CH,mnp,53,-0.201312,0.690235,-16.217674,47.222222,288
NL-BE,mnp,53,-0.201312,0.690235,-0.393078,11.111111,288
AT-CH,mnp,53,-0.201312,0.690235,5.936194,22.569444,288
AT-CZ,mnp,53,-0.201312,0.690235,-8.883475,35.069444,288
CZ-PL,mnp,53,-0.201312,0.690235,-4.983720,37.500000,288
DE_LU-FR,mnp,54,-0.206654,-0.474738,22.496165,72.222222,288
DE_LU-PL,mnp,54,-0.206654,-0.474738,-8.791163,44.097222,288
DE_LU-CZ,mnp,54,-0.206654,-0.474738,-4.680714,26.041667,288
DE_LU-NL,mnp,54,-0.206654,-0.474738,3.236865,14.930556,288
DE_LU-BE,mnp,54,-0.206654,-0.474738,2.778346,14.236111,288
DE_LU-AT,mnp,54,-0.206654,-0.474738,3.017194,13.541667,288
DE_LU-CH,mnp,54,-0.206654,-0.474738,8.299338,27.777778,288
FR-BE,mnp,54,-0.206654,-0.474738,-19.717819,65.972222,288
FR-CH,mnp,54,-0.206654,-0.474738,-14.196826,46.875000,288
NL-BE,mnp,54,-0.206654,-0.474738,-0.458519,11.111111,288
AT-CH,mnp,54,-0.206654,-0.474738,5.282144,22.916667,288
AT-CZ,mnp,54,-0.206654,-0.474738,-7.697908,32.986111,288
CZ-PL,mnp,54,-0.206654,-0.474738,-4.110450,32.638889,288
DE_LU-FR,mnp,55,0.656936,-1.405683,22.055411,68.402778,288
DE_LU-PL,mnp,55,0.656936,-1.405683,-6.760493,39.930556,288
DE_LU-CZ,mnp,55,0.656936,-1.405683,-3.285520,20.833333,288
DE_LU-NL,mnp,55,0.656936,-1.405683,2.769218,13.194444,288
DE_LU-BE,mnp,55,0.656936,-1.405683,2.341062,12.847222,288
DE_LU-AT,mnp,55,0.656936,-1.405683,2.475570,11.458333,288
DE_LU-CH,mnp,55,0.656936,-1.405683,8.386562,27.430556,288
FR-BE,mnp,55,0.656936,-1.405683,-19.714349,62.847222,288
FR-CH,mnp,55,0.656936,-1.405683,-13.668848,43.055556,288
NL-BE,mnp,55,0.656936,-1.405683,-0.428156,9.722222,288
AT-CH,mnp,55,0.656936,-1.405683,5.910992,22.569444,288
AT-CZ,mnp,55,0.656936,-1.405683,-5.761090,24.652778,288
CZ-PL,mnp,55,0.656936,-1.405683,-3.474973,28.819444,288
DE_LU-FR,mnp,56,0.102862,-1.652424,20.113032,70.833333,288
DE_LU-PL,mnp,56,0.102862,-1.652424,-7.103282,39.930556,288
DE_LU-CZ,mnp,56,0.102862,-1.652424,-3.599253,22.916667,288
DE_LU-NL,mnp,56,0.102862,-1.652424,2.794541,12.500000,288
DE_LU-BE,mnp,56,0.102862,-1.652424,2.328020,12.500000,288
DE_LU-AT,mnp,56,0.102862,-1.652424,2.464158,11.111111,288
DE_LU-CH,mnp,56,0.102862,-1.652424,7.548580,27.083333,288
FR-BE,mnp,56,0.102862,-1.652424,-17.785012,64.583333,288
FR-CH,mnp,56,0.102862,-1.652424,-12.564452,45.486111,288
NL-BE,mnp,56,0.102862,-1.652424,-0.466521,9.722222,288
AT-CH,mnp,56,0.102862,-1.652424,5.084422,22.569444,288
AT-CZ,mnp,56,0.102862,-1.652424,-6.063411,27.777778,288
CZ-PL,mnp,56,0.102862,-1.652424,-3.504029,30.555556,288
DE_LU-FR,mnp,57,-0.935771,-0.427069,21.206274,72.569444,288
DE_LU-PL,mnp,57,-0.935771,-0.427069,-10.747582,54.166667,288
DE_LU-CZ,mnp,57,-0.935771,-0.427069,-5.734008,30.555556,288
DE_LU-NL,mnp,57,-0.935771,-0.427069,3.439426,14.236111,288
DE_LU-BE,mnp,57,-0.935771,-0.427069,2.753499,15.625000,288
DE_LU-AT,mnp,57,-0.935771,-0.427069,3.348156,13.541667,288
DE_LU-CH,mnp,57,-0.935771,-0.427069,7.778323,28.125000,288
FR-BE,mnp,57,-0.935771,-0.427069,-18.452776,65.972222,288
FR-CH,mnp,57,-0.935771,-0.427069,-13.427952,47.222222,288
NL-BE,mnp,57,-0.935771,-0.427069,-0.685927,12.152778,288
AT-CH,mnp,57,-0.935771,-0.427069,4.430167,22.916667,288
AT-CZ,mnp,57,-0.935771,-0.427069,-9.082163,38.888889,288
CZ-PL,mnp,57,-0.935771,-0.427069,-5.013575,39.236111,288
DE_LU-FR,mnp,58,-0.684515,-0.987008,20.129537,72.916667,288
DE_LU-PL,mnp,58,-0.684515,-0.987008,-9.245798,50.000000,288
DE_LU-CZ,mnp,58,-0.684515,-0.987008,-5.013615,28.819444,288
DE_LU-NL,mnp,58,-0.684515,-0.987008,3.238086,14.583333,288
DE_LU-BE,mnp,58,-0.684515,-0.987008,2.590063,14.930556,288
DE_LU-AT,mnp,58,-0.684515,-0.987008,3.000514,13.541667,288
DE_LU-CH,mnp,58,-0.684515,-0.987008,7.393276,28.125000,288
FR-BE,mnp,58,-0.684515,-0.987008,-17.539474,66.319444,288
FR-CH,mnp,58,-0.684515,-0.987008,-12.736261,47.569444,288
NL-BE,mnp,58,-0.684515,-0.987008,-0.648024,11.111111,288
AT-CH,mnp,58,-0.684515,-0.987008,4.392762,22.569444,288
AT-CZ,mnp,58,-0.684515,-0.987008,-8.014128,36.805556,288
CZ-PL,mnp,58,-0.684515,-0.987008,-4.232183,36.458333,288
DE_LU-FR,mnp,59,-0.549305,0.367226,24.062967,72.569444,288
DE_LU-PL,mnp,59,-0.549305,0.367226,-10.936388,51.388889,288
DE_LU-CZ,mnp,59,-0.549305,0.367226,-5.766800,28.819444,288
DE_LU-NL,mnp,59,-0.549305,0.367226,3.544402,14.930556,288
DE_LU-BE,mnp,59,-0.549305,0.367226,3.052620,15.277778,288
DE_LU-AT,mnp,59,-0.549305,0.367226,3.499702,13.541667,288
DE_LU-CH,mnp,59,-0.549305,0.367226,8.852367,28.125000,288
FR-BE,mnp,59,-0.549305,0.367226,-21.010347,65.972222,288
FR-CH,mnp,59,-0.549305,0.367226,-15.210600,47.222222,288
NL-BE,mnp,59,-0.549305,0.367226,-0.491782,11.111111,288
AT-CH,mnp,59,-0.549305,0.367226,5.352665,22.569444,288
AT-CZ,mnp,59,-0.549305,0.367226,-9.266502,37.152778,288
CZ-PL,mnp,59,-0.549305,0.367226,-5.169588,37.152778,288
DE_LU-FR,mnp,60,-0.619270,0.740180,25.015140,72.569444,288
DE_LU-PL,mnp,60,-0.619270,0.740180,-11.706523,54.166667,288
DE_LU-CZ,mnp,60,-0.619270,0.740180,-6.111407,30.208333,288
DE_LU-NL,mnp,60,-0.619270,0.740180,3.668089,14.583333,288
DE_LU-BE,mnp,60,-0.619270,0.740180,3.194968,15.625000,288
DE_LU-AT,mnp,60,-0.619270,0.740180,3.692286,13.541667,288
DE_LU-CH,mnp,60,-0.619270,0.740180,9.192553,28.125000,288
FR-BE,mnp,60,-0.619270,0.740180,-21.820172,65.972222,288
FR-CH,mnp,60,-0.619270,0.740180,-15.822587,47.222222,288
NL-BE,mnp,60,-0.619270,0.740180,-0.473121,11.805556,288
AT-CH,mnp,60,-0.619270,0.740180,5.500267,22.569444,288
AT-CZ,mnp,60,-0.619270,0.740180,-9.803692,38.541667,288
CZ-PL,mnp,60,-0.619270,0.740180,-5.595116,39.236111,288
DE_LU-FR,mnp,61,-0.379534,1.170664,26.684948,72.569444,288
DE_LU-PL,mnp,61,-0.379534,1.170664,-11.646290,51.736111,288
DE_LU-CZ,mnp,61,-0.379534,1.170664,-6.035456,28.819444,288
DE_LU-NL,mnp,61,-0.379534,1.170664,3.815504,14.583333,288
DE_LU-BE,mnp,61,-0.379534,1.170664,3.429061,15.625000,288
DE_LU-AT,mnp,61,-0.379534,1.170664,3.764557,13.541667,288
DE_LU-CH,mnp,61,-0.379534,1.170664,9.784192,28.125000,288
FR-BE,mnp,61,-0.379534,1.170664,-23.255887,66.319444,288
FR-CH,mnp,61,-0.379534,1.170664,-16.900756,47.222222,288
NL-BE,mnp,61,-0.379534,1.170664,-0.386443,11.805556,288
AT-CH,mnp,61,-0.379534,1.170664,6.019635,22.569444,288
AT-CZ,mnp,61,-0.379534,1.170664,-9.800013,37.152778,288
CZ-PL,mnp,61,-0.379534,1.170664,-5.610834,37.500000,288
DE_LU-FR,mnp,62,1.765113,-0.386586,27.041582,66.666667,288
DE_LU-PL,mnp,62,1.765113,-0.386586,-6.759166,36.805556,288
DE_LU-CZ,mnp,62,1.765113,-0.386586,-2.997737,21.527778,288
DE_LU-NL,mnp,62,1.765113,-0.386586,2.870838,14.583333,288
DE_LU-BE,mnp,62,1.765113,-0.386586,2.604141,13.888889,288
DE_LU-AT,mnp,62,1.765113,-0.386586,2.885201,12.500000,288
DE_LU-CH,mnp,62,1.765113,-0.386586,10.721840,27.777778,288
FR-BE,mnp,62,1.765113,-0.386586,-24.437441,61.805556,288
FR-CH,mnp,62,1.765113,-0.386586,-16.319742,41.319444,288
NL-BE,mnp,62,1.765113,-0.386586,-0.266697,9.375000,288
AT-CH,mnp,62,1.765113,-0.386586,7.836640,23.263889,288
AT-CZ,mnp,62,1.765113,-0.386586,-5.882938,21.180556,288
CZ-PL,mnp,62,1.765113,-0.386586,-3.761429,29.166667,288
DE_LU-FR,mnp,63,0.221338,0.147888,25.144016,71.180556,288
DE_LU-PL,mnp,63,0.221338,0.147888,-8.700385,40.972222,288
DE_LU-CZ,mnp,63,0.221338,0.147888,-4.482607,25.347222,288
DE_LU-NL,mnp,63,0.221338,0.147888,3.410415,14.583333,288
DE_LU-BE,mnp,63,0.221338,0.147888,3.079694,13.541667,288
DE_LU-AT,mnp,63,0.221338,0.147888,3.070160,12.847222,288
DE_LU-CH,mnp,63,0.221338,0.147888,9.272275,27.777778,288
FR-BE,mnp,63,0.221338,0.147888,-22.064322,64.930556,288
FR-CH,mnp,63,0.221338,0.147888,-15.871741,45.833333,288
NL-BE,mnp,63,0.221338,0.147888,-0.330721,10.069444,288
AT-CH,mnp,63,0.221338,0.147888,6.202115,22.569444,288
AT-CZ,mnp,63,0.221338,0.147888,-7.552766,32.291667,288
CZ-PL,mnp,63,0.221338,0.147888,-4.217779,30.902778,288
DE_LU-FR,mnp,64,-1.176453,-1.301087,18.535346,72.916667,288
DE_LU-PL,mnp,64,-1.176453,-1.301087,-10.085856,54.513889,288
DE_LU-CZ,mnp,64,-1.176453,-1.301087,-5.518307,30.902778,288
DE_LU-NL,mnp,64,-1.176453,-1.301087,3.301512,14.583333,288
DE_LU-BE,mnp,64,-1.176453,-1.301087,2.449125,15.972222,288
DE_LU-AT,mnp,64,-1.176453,-1.301087,3.136150,13.541667,288
DE_LU-CH,mnp,64,-1.176453,-1.301087,6.802988,28.125000,288
FR-BE,mnp,64,-1.176453,-1.301087,-16.086221,66.319444,288
FR-CH,mnp,64,-1.176453,-1.301087,-11.732358,47.222222,288
NL-BE,mnp,64,-1.176453,-1.301087,-0.852387,12.152778,288
AT-CH,mnp,64,-1.176453,-1.301087,3.666838,22.916667,288
AT-CZ,mnp,64,-1.176453,-1.301087,-8.654458,39.583333,288
CZ-PL,mnp,64,-1.176453,-1.301087,-4.567549,38.888889,288
DE_LU-FR,mnp,65,-1.073413,-0.395793,21.104114,72.569444,288
DE_LU-PL,mnp,65,-1.073413,-0.395793,-11.196728,56.250000,288
DE_LU-CZ,mnp,65,-1.073413,-0.395793,-5.938802,31.250000,288
DE_LU-NL,mnp,65,-1.073413,-0.395793,3.469116,14.930556,288
DE_LU-BE,mnp,65,-1.073413,-0.395793,2.734589,15.972222,288
DE_LU-AT,mnp,65,-1.073413,-0.395793,3.468241,13.541667,288
DE_LU-CH,mnp,65,-1.073413,-0.395793,7.759103,28.125000,288
FR-BE,mnp,65,-1.073413,-0.395793,-18.369525,65.972222,288
FR-CH,mnp,65,-1.073413,-0.395793,-13.345010,46.875000,288
NL-BE,mnp,65,-1.073413,-0.395793,-0.734527,12.500000,288
AT-CH,mnp,65,-1.073413,-0.395793,4.290862,22.916667,288
AT-CZ,mnp,65,-1.073413,-0.395793,-9.407043,39.930556,288
CZ-PL,mnp,65,-1.073413,-0.395793,-5.257926,40.972222,288
DE_LU-FR,mnp,66,0.710821,-0.130352,25.613673,70.486111,288
DE_LU-PL,mnp,66,0.710821,-0.130352,-7.778284,39.930556,288
DE_LU-CZ,mnp,66,0.710821,-0.130352,-3.795382,21.875000,288
DE_LU-NL,mnp,66,0.710821,-0.130352,3.294643,13.888889,288
DE_LU-BE,mnp,66,0.710821,-0.130352,3.011296,12.847222,288
DE_LU-AT,mnp,66,0.710821,-0.130352,2.819977,11.458333,288
DE_LU-CH,mnp,66,0.710821,-0.130352,9.503822,27.430556,288
FR-BE,mnp,66,0.710821,-0.130352,-22.602377,64.236111,288
FR-CH,mnp,66,0.710821,-0.130352,-16.109852,45.138889,288
NL-BE,mnp,66,0.710821,-0.130352,-0.283346,10.069444,288
AT-CH,mnp,66,0.710821,-0.130352,6.683844,22.569444,288
AT-CZ,mnp,66,0.710821,-0.130352,-6.615360,26.041667,288
CZ-PL,mnp,66,0.710821,-0.130352,-3.982902,29.861111,288
DE_LU-FR,mnp,67,0.158731,-0.540829,23.146631,71.180556,288
DE_LU-PL,mnp,67,0.158731,-0.540829,-8.090725,37.847222,288
DE_LU-CZ,mnp,67,0.158731,-0.540829,-4.165625,24.652778,288
DE_LU-NL,mnp,67,0.158731,-0.540829,3.149944,14.583333,288
DE_LU-BE,mnp,67,0.158731,-0.540829,2.770863,13.541667,288
DE_LU-AT,mnp,67,0.158731,-0.540829,2.841043,12.847222,288
DE_LU-CH,mnp,67,0.158731,-0.540829,8.578433,27.777778,288
FR-BE,mnp,67,0.158731,-0.540829,-20.375769,64.930556,288
FR-CH,mnp,67,0.158731,-0.540829,-14.568199,45.833333,288
NL-BE,mnp,67,0.158731,-0.540829,-0.379081,10.416667,288
AT-CH,mnp,67,0.158731,-0.540829,5.737390,22.569444,288
AT-CZ,mnp,67,0.158731,-0.540829,-7.006668,31.250000,288
CZ-PL,mnp,67,0.158731,-0.540829,-3.925100,28.472222,288
DE_LU-FR,mnp,68,1.743400,-0.645626,26.294290,66.666667,288
DE_LU-PL,mnp,68,1.743400,-0.645626,-6.560362,36.805556,288
DE_LU-CZ,mnp,68,1.743400,-0.645626,-2.915146,21.527778,288
DE_LU-NL,mnp,68,1.743400,-0.645626,2.754569,13.541667,288
DE_LU-BE,mnp,68,1.743400,-0.645626,2.458863,13.888889,288
DE_LU-AT,mnp,68,1.743400,-0.645626,2.825693,12.500000,288
DE_LU-CH,mnp,68,1.743400,-0.645626,10.502455,27.777778,288
FR-BE,mnp,68,1.743400,-0.645626,-23.835428,61.805556,288
FR-CH,mnp,68,1.743400,-0.645626,-15.791835,41.319444,288
NL-BE,mnp,68,1.743400,-0.645626,-0.295706,9.375000,288
AT-CH,mnp,68,1.743400,-0.645626,7.676762,23.263889,288
AT-CZ,mnp,68,1.743400,-0.645626,-5.740839,21.180556,288
CZ-PL,mnp,68,1.743400,-0.645626,-3.645216,29.166667,288
DE_LU-FR,mnp,69,-0.869565,-2.062660,17.076285,73.263889,288
DE_LU-PL,mnp,69,-0.869565,-2.062660,-8.117020,48.611111,288
DE_LU-CZ,mnp,69,-0.869565,-2.062660,-4.551893,28.819444,288
DE_LU-NL,mnp,69,-0.869565,-2.062660,3.010668,14.583333,288
DE_LU-BE,mnp,69,-0.869565,-2.062660,2.204951,14.930556,288
DE_LU-AT,mnp,69,-0.869565,-2.062660,2.705910,13.888889,288
DE_LU-CH,mnp,69,-0.869565,-2.062660,6.264807,28.125000,288
FR-BE,mnp,69,-0.869565,-2.062660,-14.871334,66.666667,288
FR-CH,mnp,69,-0.869565,-2.062660,-10.811478,47.569444,288
NL-BE,mnp,69,-0.869565,-2.062660,-0.805718,11.111111,288
AT-CH,mnp,69,-0.869565,-2.062660,3.558897,22.916667,288
AT-CZ,mnp,69,-0.869565,-2.062660,-7.257804,36.458333,288
CZ-PL,mnp,69,-0.869565,-2.062660,-3.565127,35.069444,288
DE_LU-FR,mnp,70,-0.411622,1.072182,26.334459,72.569444,288
DE_LU-PL,mnp,70,-0.411622,1.072182,-11.596822,51.736111,288
DE_LU-CZ,mnp,70,-0.411622,1.072182,-6.024600,28.819444,288
DE_LU-NL,mnp,70,-0.411622,1.072182,3.775221,14.583333,288
DE_LU-BE,mnp,70,-0.411622,1.072182,3.374528,15.625000,288
DE_LU-AT,mnp,70,-0.411622,1.072182,3.736203,13.541667,288
DE_LU-CH,mnp,70,-0.411622,1.072182,9.664204,28.125000,288
FR-BE,mnp,70,-0.411622,1.072182,-22.959931,66.319444,288
FR-CH,mnp,70,-0.411622,1.072182,-16.670255,47.222222,288
NL-BE,mnp,70,-0.411622,1.072182,-0.400693,11.805556,288
AT-CH,mnp,70,-0.411622,1.072182,5.928001,22.569444,288
AT-CZ,mnp,70,-0.411622,1.072182,-9.760803,37.152778,288
CZ-PL,mnp,70,-0.411622,1.072182,-5.572222,37.500000,288
DE_LU-FR,mnp,71,0.845476,-0.161735,25.803633,70.138889,288
DE_LU-PL,mnp,71,0.845476,-0.161735,-7.625838,38.888889,288
DE_LU-CZ,mnp,71,0.845476,-0.161735,-3.683583,20.833333,288
DE_LU-NL,mnp,71,0.845476,-0.161735,3.254405,14.583333,288
DE_LU-BE,mnp,71,0.845476,-0.161735,2.960680,13.194444,288
DE_LU-AT,mnp,71,0.845476,-0.161735,2.795470,11.458333,288
DE_LU-CH,mnp,71,0.845476,-0.161735,9.618912,27.430556,288
FR-BE,mnp,71,0.845476,-0.161735,-22.842953,63.888889,288
FR-CH,mnp,71,0.845476,-0.161735,-16.184721,44.791667,288
NL-BE,mnp,71,0.845476,-0.161735,-0.293725,9.722222,288
AT-CH,mnp,71,0.845476,-0.161735,6.823442,22.569444,288
AT-CZ,mnp,71,0.845476,-0.161735,-6.479053,25.000000,288
CZ-PL,mnp,71,0.845476,-0.161735,-3.942256,28.819444,288
DE_LU-FR,mnp,72,0.886412,-0.474531,25.017672,69.097222,288
DE_LU-PL,mnp,72,0.886412,-0.474531,-7.330413,38.541667,288
DE_LU-CZ,mnp,72,0.886412,-0.474531,-3.515621,21.180556,288
DE_LU-NL,mnp,72,0.886412,-0.474531,3.095332,14.583333,288
DE_LU-BE,mnp,72,0.886412,-0.474531,2.768614,13.194444,288
DE_LU-AT,mnp,72,0.886412,-0.474531,2.697837,11.111111,288
DE_LU-CH,mnp,72,0.886412,-0.474531,9.376660,27.430556,288
FR-BE,mnp,72,0.886412,-0.474531,-22.249058,63.541667,288
FR-CH,mnp,72,0.886412,-0.474531,-15.641012,43.750000,288
NL-BE,mnp,72,0.886412,-0.474531,-0.326717,9.722222,288
AT-CH,mnp,72,0.886412,-0.474531,6.678823,22.569444,288
AT-CZ,mnp,72,0.886412,-0.474531,-6.213458,24.652778,288
CZ-PL,mnp,72,0.886412,-0.474531,-3.814793,28.125000,288
DE_LU-FR,mnp,73,0.831909,0.472075,27.540299,70.486111,288
DE_LU-PL,mnp,73,0.831909,0.472075,-8.174493,40.277778,288
DE_LU-CZ,mnp,73,0.831909,0.472075,-3.974252,21.875000,288
DE_LU-NL,mnp,73,0.831909,0.472075,3.524062,13.888889,288
DE_LU-BE,mnp,73,0.831909,0.472075,3.298983,12.847222,288
DE_LU-AT,mnp,73,0.831909,0.472075,2.997628,11.458333,288
DE_LU-CH,mnp,73,0.831909,0.472075,10.172267,27.430556,288
FR-BE,mnp,73,0.831909,0.472075,-24.241316,64.236111,288
FR-CH,mnp,73,0.831909,0.472075,-17.368032,45.138889,288
NL-BE,mnp,73,0.831909,0.472075,-0.225080,10.069444,288
AT-CH,mnp,73,0.831909,0.472075,7.174638,22.569444,288
AT-CZ,mnp,73,0.831909,0.472075,-6.971881,26.041667,288
CZ-PL,mnp,73,0.831909,0.472075,-4.200240,30.208333,288
DE_LU-FR,mnp,74,-0.505272,0.400716,24.231185,72.569444,288
DE_LU-PL,mnp,74,-0.505272,0.400716,-10.865521,50.694444,288
DE_LU-CZ,mnp,74,-0.505272,0.400716,-5.714774,28.472222,288
DE_LU-NL,mnp,74,-0.505272,0.400716,3.551846,14.930556,288
DE_LU-BE,mnp,74,-0.505272,0.400716,3.075491,15.277778,288
DE_LU-AT,mnp,74,-0.505272,0.400716,3.492229,13.541667,288
DE_LU-CH,mnp,74,-0.505272,0.400716,8.912214,28.125000,288
FR-BE,mnp,74,-0.505272,0.400716,-21.155695,65.972222,288
FR-CH,mnp,74,-0.505272,0.400716,-15.318971,47.222222,288
NL-BE,mnp,74,-0.505272,0.400716,-0.476355,11.111111,288
AT-CH,mnp,74,-0.505272,0.400716,5.419985,22.569444,288
AT-CZ,mnp,74,-0.505272,0.400716,-9.207003,36.805556,288
CZ-PL,mnp,74,-0.505272,0.400716,-5.150747,36.805556,288
DE_LU-FR,mnp,75,0.268495,-1.395969,21.202760,70.486111,288
DE_LU-PL,mnp,75,0.268495,-1.395969,-7.134395,40.972222,288
DE_LU-CZ,mnp,75,0.268495,-1.395969,-3.547261,22.569444,288
DE_LU-NL,mnp,75,0.268495,-1.395969,2.873295,12.500000,288
DE_LU-BE,mnp,75,0.268495,-1.395969,2.451672,12.500000,288
DE_LU-AT,mnp,75,0.268495,-1.395969,2.507342,11.458333,288
DE_LU-CH,mnp,75,0.268495,-1.395969,7.953898,27.430556,288
FR-BE,mnp,75,0.268495,-1.395969,-18.751087,64.236111,288
FR-CH,mnp,75,0.268495,-1.395969,-13.248861,45.138889,288
NL-BE,mnp,75,0.268495,-1.395969,-0.421623,9.722222,288
AT-CH,mnp,75,0.268495,-1.395969,5.446557,22.569444,288
AT-CZ,mnp,75,0.268495,-1.395969,-6.054603,27.083333,288
CZ-PL,mnp,75,0.268495,-1.395969,-3.587134,30.902778,288
DE_LU-FR,mnp,76,0.518162,0.850921,27.798035,70.833333,288
DE_LU-PL,mnp,76,0.518162,0.850921,-8.958319,39.583333,288
DE_LU-CZ,mnp,76,0.518162,0.850921,-4.482055,24.305556,288
DE_LU-NL,mnp,76,0.518162,0.850921,3.646180,14.930556,288
DE_LU-BE,mnp,76,0.518162,0.850921,3.425005,13.541667,288
DE_LU-AT,mnp,76,0.518162,0.850921,3.213960,12.152778,288
DE_LU-CH,mnp,76,0.518162,0.850921,10.201408,27.430556,288
FR-BE,mnp,76,0.518162,0.850921,-24.373030,64.583333,288
FR-CH,mnp,76,0.518162,0.850921,-17.596627,45.486111,288
NL-BE,mnp,76,0.518162,0.850921,-0.221175,10.763889,288
AT-CH,mnp,76,0.518162,0.850921,6.987447,22.569444,288
AT-CZ,mnp,76,0.518162,0.850921,-7.696016,30.208333,288
CZ-PL,mnp,76,0.518162,0.850921,-4.476263,29.861111,288
DE_LU-FR,mnp,77,0.622872,-1.814944,20.902432,68.055556,288
DE_LU-PL,mnp,77,0.622872,-1.814944,-6.475914,39.583333,288
DE_LU-CZ,mnp,77,0.622872,-1.814944,-3.131939,20.486111,288
DE_LU-NL,mnp,77,0.622872,-1.814944,2.598358,12.847222,288
DE_LU-BE,mnp,77,0.622872,-1.814944,2.128978,12.847222,288
DE_LU-AT,mnp,77,0.622872,-1.814944,2.383825,11.111111,288
DE_LU-CH,mnp,77,0.622872,-1.814944,8.028013,27.083333,288
FR-BE,mnp,77,0.622872,-1.814944,-18.773454,62.500000,288
FR-CH,mnp,77,0.622872,-1.814944,-12.874419,42.708333,288
NL-BE,mnp,77,0.622872,-1.814944,-0.469380,9.722222,288
AT-CH,mnp,77,0.622872,-1.814944,5.644188,22.569444,288
AT-CZ,mnp,77,0.622872,-1.814944,-5.515764,23.958333,288
CZ-PL,mnp,77,0.622872,-1.814944,-3.343975,31.597222,288
DE_LU-FR,mnp,78,0.700726,0.009768,25.984168,70.486111,288
DE_LU-PL,mnp,78,0.700726,0.009768,-7.902764,40.625000,288
DE_LU-CZ,mnp,78,0.700726,0.009768,-3.864038,21.875000,288
DE_LU-NL,mnp,78,0.700726,0.009768,3.354214,13.888889,288
DE_LU-BE,mnp,78,0.700726,0.009768,3.084339,12.847222,288
DE_LU-AT,mnp,78,0.700726,0.009768,2.869257,11.458333,288
DE_LU-CH,mnp,78,0.700726,0.009768,9.623076,27.430556,288
FR-BE,mnp,78,0.700726,0.009768,-22.899829,64.236111,288
FR-CH,mnp,78,0.700726,0.009768,-16.361091,45.138889,288
NL-BE,mnp,78,0.700726,0.009768,-0.269876,10.069444,288
AT-CH,mnp,78,0.700726,0.009768,6.753820,22.569444,288
AT-CZ,mnp,78,0.700726,0.009768,-6.733294,26.041667,288
CZ-PL,mnp,78,0.700726,0.009768,-4.038726,30.555556,288
DE_LU-FR,mnp,79,-1.779104,-0.870308,18.846073,75.000000,288
DE_LU-PL,mnp,79,-1.779104,-0.870308,-12.727835,62.500000,288
DE_LU-CZ,mnp,79,-1.779104,-0.870308,-6.739239,34.027778,288
DE_LU-NL,mnp,79,-1.779104,-0.870308,3.468171,16.319444,288
DE_LU-BE,mnp,79,-1.779104,-0.870308,2.532419,18.402778,288
DE_LU-AT,mnp,79,-1.779104,-0.870308,3.538403,13.888889,288
DE_LU-CH,mnp,79,-1.779104,-0.870308,6.989605,28.125000,288
FR-BE,mnp,79,-1.779104,-0.870308,-16.313653,67.013889,288
FR-CH,mnp,79,-1.779104,-0.870308,-11.856468,49.305556,288
NL-BE,mnp,79,-1.779104,-0.870308,-0.935751,13.194444,288
AT-CH,mnp,79,-1.779104,-0.870308,3.451202,22.569444,288
AT-CZ,mnp,79,-1.779104,-0.870308,-10.277642,43.402778,288
CZ-PL,mnp,79,-1.779104,-0.870308,-5.988596,44.097222,288
DE_LU-FR,mnp,80,0.069709,2.186651,30.443027,72.916667,288
DE_LU-PL,mnp,80,0.069709,2.186651,-11.791607,48.263889,288
DE_LU-CZ,mnp,80,0.069709,2.186651,-5.944092,27.083333,288
DE_LU-NL,mnp,80,0.069709,2.186651,4.182791,14.930556,288
DE_LU-BE,mnp,80,0.069709,2.186651,3.957956,15.972222,288
DE_LU-AT,mnp,80,0.069709,2.186651,3.943291,13.541667,288
DE_LU-CH,mnp,80,0.069709,2.186651,11.073786,28.125000,288
FR-BE,mnp,80,0.069709,2.186651,-26.485071,66.666667,288
FR-CH,mnp,80,0.069709,2.186651,-19.369240,47.569444,288
NL-BE,mnp,80,0.069709,2.186651,-0.224836,12.152778,288
AT-CH,mnp,80,0.069709,2.186651,7.130496,22.569444,288
AT-CZ,mnp,80,0.069709,2.186651,-9.887383,35.416667,288
CZ-PL,mnp,80,0.069709,2.186651,-5.847514,36.458333,288
DE_LU-FR,mnp,81,-0.981155,0.356665,23.339143,72.916667,288
DE_LU-PL,mnp,81,-0.981155,0.356665,-12.119152,56.597222,288
DE_LU-CZ,mnp,81,-0.981155,0.356665,-6.313312,31.944444,288
DE_LU-NL,mnp,81,-0.981155,0.356665,3.650880,15.277778,288
DE_LU-BE,mnp,81,-0.981155,0.356665,3.029967,16.319444,288
DE_LU-AT,mnp,81,-0.981155,0.356665,3.731622,13.541667,288
DE_LU-CH,mnp,81,-0.981155,0.356665,8.564245,28.125000,288
FR-BE,mnp,81,-0.981155,0.356665,-20.309176,65.972222,288
FR-CH,mnp,81,-0.981155,0.356665,-14.774898,47.569444,288
NL-BE,mnp,81,-0.981155,0.356665,-0.620913,12.500000,288
AT-CH,mnp,81,-0.981155,0.356665,4.832623,22.916667,288
AT-CZ,mnp,81,-0.981155,0.356665,-10.044934,40.625000,288
CZ-PL,mnp,81,-0.981155,0.356665,-5.805840,40.625000,288
DE_LU-FR,mnp,82,0.389930,-0.122366,24.874065,71.180556,288
DE_LU-PL,mnp,82,0.389930,-0.122366,-8.162675,40.625000,288
DE_LU-CZ,mnp,82,0.389930,-0.122366,-4.087746,23.958333,288
DE_LU-NL,mnp,82,0.389930,-0.122366,3.312380,13.888889,288
DE_LU-BE,mnp,82,0.389930,-0.122366,3.006327,13.541667,288
DE_LU-AT,mnp,82,0.389930,-0.122366,2.901153,11.458333,288
DE_LU-CH,mnp,82,0.389930,-0.122366,9.182963,27.083333,288
FR-BE,mnp,82,0.389930,-0.122366,-21.867738,64.930556,288
FR-CH,mnp,82,0.389930,-0.122366,-15.691102,45.833333,288
NL-BE,mnp,82,0.389930,-0.122366,-0.306053,10.416667,288
AT-CH,mnp,82,0.389930,-0.122366,6.281810,22.569444,288
AT-CZ,mnp,82,0.389930,-0.122366,-6.988899,29.166667,288
CZ-PL,mnp,82,0.389930,-0.122366,-4.074928,31.597222,288
DE_LU-FR,mnp,83,1.903815,1.436139,32.353454,66.319444,288
DE_LU-PL,mnp,83,1.903815,1.436139,-8.174924,39.236111,288
DE_LU-CZ,mnp,83,1.903815,1.436139,-3.699387,21.180556,288
DE_LU-NL,mnp,83,1.903815,1.436139,3.662359,14.236111,288
DE_LU-BE,mnp,83,1.903815,1.436139,3.575624,13.888889,288
DE_LU-AT,mnp,83,1.903815,1.436139,3.306712,11.805556,288
DE_LU-CH,mnp,83,1.903815,1.436139,12.221844,27.777778,288
FR-BE,mnp,83,1.903815,1.436139,-28.777830,61.805556,288
FR-CH,mnp,83,1.903815,1.436139,-20.131610,40.972222,288
NL-BE,mnp,83,1.903815,1.436139,-0.086735,9.027778,288
AT-CH,mnp,83,1.903815,1.436139,8.915132,23.263889,288
AT-CZ,mnp,83,1.903815,1.436139,-7.006099,23.263889,288
CZ-PL,mnp,83,1.903815,1.436139,-4.475537,29.861111,288
DE_LU-FR,mnp,84,0.428374,1.298665,28.783103,71.875000,288
DE_LU-PL,mnp,84,0.428374,1.298665,-9.644862,43.055556,288
DE_LU-CZ,mnp,84,0.428374,1.298665,-4.860701,26.041667,288
DE_LU-NL,mnp,84,0.428374,1.298665,3.837125,14.583333,288
DE_LU-BE,mnp,84,0.428374,1.298665,3.617163,14.236111,288
DE_LU-AT,mnp,84,0.428374,1.298665,3.413468,13.541667,288
DE_LU-CH,mnp,84,0.428374,1.298665,10.505050,27.777778,288
FR-BE,mnp,84,0.428374,1.298665,-25.165940,65.625000,288
FR-CH,mnp,84,0.428374,1.298665,-18.278053,46.527778,288
NL-BE,mnp,84,0.428374,1.298665,-0.219962,10.069444,288
AT-CH,mnp,84,0.428374,1.298665,7.091582,22.916667,288
AT-CZ,mnp,84,0.428374,1.298665,-8.274168,32.986111,288
CZ-PL,mnp,84,0.428374,1.298665,-4.784162,32.291667,288
DE_LU-FR,mnp,85,1.091892,0.361890,27.732310,69.444444,288
DE_LU-PL,mnp,85,1.091892,0.361890,-7.888914,38.541667,288
DE_LU-CZ,mnp,85,1.091892,0.361890,-3.737798,21.180556,288
DE_LU-NL,mnp,85,1.091892,0.361890,3.418360,14.930556,288
DE_LU-BE,mnp,85,1.091892,0.361890,3.180027,13.194444,288
DE_LU-AT,mnp,85,1.091892,0.361890,2.926588,11.111111,288
DE_LU-CH,mnp,85,1.091892,0.361890,10.303317,27.430556,288
FR-BE,mnp,85,1.091892,0.361890,-24.552282,63.541667,288
FR-CH,mnp,85,1.091892,0.361890,-17.428993,44.097222,288
NL-BE,mnp,85,1.091892,0.361890,-0.238333,10.069444,288
AT-CH,mnp,85,1.091892,0.361890,7.376729,22.569444,288
AT-CZ,mnp,85,1.091892,0.361890,-6.664386,25.000000,288
CZ-PL,mnp,85,1.091892,0.361890,-4.151116,28.125000,288
DE_LU-FR,mnp,86,-0.424523,0.053825,23.375104,72.569444,288
DE_LU-PL,mnp,86,-0.424523,0.053825,-10.115468,49.652778,288
DE_LU-CZ,mnp,86,-0.424523,0.053825,-5.356513,28.472222,288
DE_LU-NL,mnp,86,-0.424523,0.053825,3.446710,14.930556,288
DE_LU-BE,mnp,86,-0.424523,0.053825,2.964663,14.930556,288
DE_LU-AT,mnp,86,-0.424523,0.053825,3.314572,13.541667,288
DE_LU-CH,mnp,86,-0.424523,0.053825,8.601280,28.125000,288
FR-BE,mnp,86,-0.424523,0.053825,-20.410441,65.972222,288
FR-CH,mnp,86,-0.424523,0.053825,-14.773824,47.222222,288
NL-BE,mnp,86,-0.424523,0.053825,-0.482047,10.763889,288
AT-CH,mnp,86,-0.424523,0.053825,5.286708,22.569444,288
AT-CZ,mnp,86,-0.424523,0.053825,-8.671086,36.458333,288
CZ-PL,mnp,86,-0.424523,0.053825,-4.758954,36.805556,288
DE_LU-FR,mnp,87,-0.067693,-0.294762,23.297760,71.875000,288
DE_LU-PL,mnp,87,-0.067693,-0.294762,-8.726416,43.055556,288
DE_LU-CZ,mnp,87,-0.067693,-0.294762,-4.612822,26.388889,288
DE_LU-NL,mnp,87,-0.067693,-0.294762,3.283316,14.583333,288
DE_LU-BE,mnp,87,-0.067693,-0.294762,2.862937,14.236111,288
DE_LU-AT,mnp,87,-0.067693,-0.294762,3.023729,13.541667,288
DE_LU-CH,mnp,87,-0.067693,-0.294762,8.600118,27.777778,288
FR-BE,mnp,87,-0.067693,-0.294762,-20.434823,65.625000,288
FR-CH,mnp,87,-0.067693,-0.294762,-14.697642,46.527778,288
NL-BE,mnp,87,-0.067693,-0.294762,-0.420379,10.069444,288
AT-CH,mnp,87,-0.067693,-0.294762,5.576389,22.916667,288
AT-CZ,mnp,87,-0.067693,-0.294762,-7.636552,33.333333,288
CZ-PL,mnp,87,-0.067693,-0.294762,-4.113594,32.291667,288
DE_LU-FR,mnp,88,1.620783,1.583100,32.180758,67.361111,288
DE_LU-PL,mnp,88,1.620783,1.583100,-8.525211,40.277778,288
DE_LU-CZ,mnp,88,1.620783,1.583100,-3.936437,22.222222,288
DE_LU-NL,mnp,88,1.620783,1.583100,3.796096,15.277778,288
DE_LU-BE,mnp,88,1.620783,1.583100,3.702758,13.888889,288
DE_LU-AT,mnp,88,1.620783,1.583100,3.290712,12.152778,288
DE_LU-CH,mnp,88,1.620783,1.583100,11.946936,27.777778,288
FR-BE,mnp,88,1.620783,1.583100,-28.478001,62.152778,288
FR-CH,mnp,88,1.620783,1.583100,-20.233823,42.013889,288
NL-BE,mnp,88,1.620783,1.583100,-0.093338,9.375000,288
AT-CH,mnp,88,1.620783,1.583100,8.656223,22.916667,288
AT-CZ,mnp,88,1.620783,1.583100,-7.227150,23.958333,288
CZ-PL,mnp,88,1.620783,1.583100,-4.588774,29.166667,288
DE_LU-FR,mnp,89,0.596966,-0.709376,23.800926,70.138889,288
DE_LU-PL,mnp,89,0.596966,-0.709376,-7.407930,40.277778,288
DE_LU-CZ,mnp,89,0.596966,-0.709376,-3.619901,21.527778,288
DE_LU-NL,mnp,89,0.596966,-0.709376,3.072542,13.194444,288
DE_LU-BE,mnp,89,0.596966,-0.709376,2.726525,13.194444,288
DE_LU-AT,mnp,89,0.596966,-0.709376,2.660437,11.458333,288
DE_LU-CH,mnp,89,0.596966,-0.709376,8.889866,27.430556,288
FR-BE,mnp,89,0.596966,-0.709376,-21.074401,63.888889,288
FR-CH,mnp,89,0.596966,-0.709376,-14.911060,44.791667,288
NL-BE,mnp,89,0.596966,-0.709376,-0.346017,9.722222,288
AT-CH,mnp,89,0.596966,-0.709376,6.229429,22.569444,288
AT-CZ,mnp,89,0.596966,-0.709376,-6.280338,25.694444,288
CZ-PL,mnp,89,0.596966,-0.709376,-3.788030,30.208333,288
DE_LU-FR,mnp,90,1.373417,0.551147,28.811047,67.013889,288
DE_LU-PL,mnp,90,1.373417,0.551147,-7.814013,39.583333,288
DE_LU-CZ,mnp,90,1.373417,0.551147,-3.658920,22.222222,288
DE_LU-NL,mnp,90,1.373417,0.551147,3.400680,15.277778,288
DE_LU-BE,mnp,90,1.373417,0.551147,3.201993,14.236111,288
DE_LU-AT,mnp,90,1.373417,0.551147,2.990083,11.805556,288
DE_LU-CH,mnp,90,1.373417,0.551147,10.788190,27.777778,288
FR-BE,mnp,90,1.373417,0.551147,-25.609054,61.805556,288
FR-CH,mnp,90,1.373417,0.551147,-18.022857,41.666667,288
NL-BE,mnp,90,1.373417,0.551147,-0.198687,9.375000,288
AT-CH,mnp,90,1.373417,0.551147,7.798107,22.916667,288
AT-CZ,mnp,90,1.373417,0.551147,-6.649003,24.305556,288
CZ-PL,mnp,90,1.373417,0.551147,-4.155093,28.472222,288
DE_LU-FR,mnp,91,-0.910425,-0.374050,21.390819,72.569444,288
DE_LU-PL,mnp,91,-0.910425,-0.374050,-10.760856,53.819444,288
DE_LU-CZ,mnp,91,-0.910425,-0.374050,-5.732053,30.555556,288
DE_LU-NL,mnp,91,-0.910425,-0.374050,3.444674,14.236111,288
DE_LU-BE,mnp,91,-0.910425,-0.374050,2.773403,15.625000,288
DE_LU-AT,mnp,91,-0.910425,-0.374050,3.353373,13.541667,288
DE_LU-CH,mnp,91,-0.910425,-0.374050,7.845025,28.125000,288
FR-BE,mnp,91,-0.910425,-0.374050,-18.617416,65.972222,288
FR-CH,mnp,91,-0.910425,-0.374050,-13.545794,47.222222,288
NL-BE,mnp,91,-0.910425,-0.374050,-0.671272,12.152778,288
AT-CH,mnp,91,-0.910425,-0.374050,4.491652,22.916667,288
AT-CZ,mnp,91,-0.910425,-0.374050,-9.085426,38.888889,288
CZ-PL,mnp,91,-0.910425,-0.374050,-5.028803,38.888889,288
DE_LU-FR,mnp,92,0.936719,2.106122,32.213827,71.527778,288
DE_LU-PL,mnp,92,0.936719,2.106122,-9.583868,42.708333,288
DE_LU-CZ,mnp,92,0.936719,2.106122,-4.681050,23.958333,288
DE_LU-NL,mnp,92,0.936719,2.106122,4.091437,14.583333,288
DE_LU-BE,mnp,92,0.936719,2.106122,4.023011,13.194444,288
DE_LU-AT,mnp,92,0.936719,2.106122,3.542830,12.152778,288
DE_LU-CH,mnp,92,0.936719,2.106122,11.747974,27.430556,288
FR-BE,mnp,92,0.936719,2.106122,-28.190817,65.277778,288
FR-CH,mnp,92,0.936719,2.106122,-20.465853,46.180556,288
NL-BE,mnp,92,0.936719,2.106122,-0.068426,10.416667,288
AT-CH,mnp,92,0.936719,2.106122,8.205144,22.916667,288
AT-CZ,mnp,92,0.936719,2.106122,-8.223880,28.819444,288
CZ-PL,mnp,92,0.936719,2.106122,-4.902817,32.291667,288
DE_LU-FR,mnp,93,-0.782356,1.335692,26.431633,72.569444,288
DE_LU-PL,mnp,93,-0.782356,1.335692,-13.078366,56.250000,288
DE_LU-CZ,mnp,93,-0.782356,1.335692,-6.719943,31.944444,288
DE_LU-NL,mnp,93,-0.782356,1.335692,3.858526,15.625000,288
DE_LU-BE,mnp,93,-0.782356,1.335692,3.393940,16.319444,288
DE_LU-AT,mnp,93,-0.782356,1.335692,4.056521,13.541667,288
DE_LU-CH,mnp,93,-0.782356,1.335692,9.687812,28.125000,288
FR-BE,mnp,93,-0.782356,1.335692,-23.037692,65.625000,288
FR-CH,mnp,93,-0.782356,1.335692,-16.743821,47.222222,288
NL-BE,mnp,93,-0.782356,1.335692,-0.464586,12.152778,288
AT-CH,mnp,93,-0.782356,1.335692,5.631291,22.916667,288
AT-CZ,mnp,93,-0.782356,1.335692,-10.776463,40.625000,288
CZ-PL,mnp,93,-0.782356,1.335692,-6.358423,39.930556,288
DE_LU-FR,mnp,94,-0.591623,-1.183315,19.804861,73.263889,288
DE_LU-PL,mnp,94,-0.591623,-1.183315,-8.705734,49.652778,288
DE_LU-CZ,mnp,94,-0.591623,-1.183315,-4.734297,28.472222,288
DE_LU-NL,mnp,94,-0.591623,-1.183315,3.172718,14.236111,288
DE_LU-BE,mnp,94,-0.591623,-1.183315,2.532893,14.583333,288
DE_LU-AT,mnp,94,-0.591623,-1.183315,2.883369,13.888889,288
DE_LU-CH,mnp,94,-0.591623,-1.183315,7.279573,28.472222,288
FR-BE,mnp,94,-0.591623,-1.183315,-17.271968,66.666667,288
FR-CH,mnp,94,-0.591623,-1.183315,-12.525288,47.569444,288
NL-BE,mnp,94,-0.591623,-1.183315,-0.639825,11.111111,288
AT-CH,mnp,94,-0.591623,-1.183315,4.396204,23.263889,288
AT-CZ,mnp,94,-0.591623,-1.183315,-7.617666,36.111111,288
CZ-PL,mnp,94,-0.591623,-1.183315,-3.971437,36.111111,288
DE_LU-FR,mnp,95,0.306574,1.162675,28.110353,71.875000,288
DE_LU-PL,mnp,95,0.306574,1.162675,-9.728300,45.138889,288
DE_LU-CZ,mnp,95,0.306574,1.162675,-4.952118,26.041667,288
DE_LU-NL,mnp,95,0.306574,1.162675,3.802283,14.583333,288
DE_LU-BE,mnp,95,0.306574,1.162675,3.550902,14.236111,288
DE_LU-AT,mnp,95,0.306574,1.162675,3.420322,13.541667,288
DE_LU-CH,mnp,95,0.306574,1.162675,10.266841,27.777778,288
FR-BE,mnp,95,0.306574,1.162675,-24.559451,65.625000,288
FR-CH,mnp,95,0.306574,1.162675,-17.843512,46.527778,288
NL-BE,mnp,95,0.306574,1.162675,-0.251381,10.416667,288
AT-CH,mnp,95,0.306574,1.162675,6.846519,22.916667,288
AT-CZ,mnp,95,0.306574,1.162675,-8.372440,32.986111,288
CZ-PL,mnp,95,0.306574,1.162675,-4.776182,34.027778,288
DE_LU-FR,mnp,96,-1.239496,-0.089781,21.787978,73.958333,288
DE_LU-PL,mnp,96,-1.239496,-0.089781,-12.155793,59.027778,288
DE_LU-CZ,mnp,96,-1.239496,-0.089781,-6.361319,32.291667,288
DE_LU-NL,mnp,96,-1.239496,-0.089781,3.584524,14.930556,288
DE_LU-BE,mnp,96,-1.239496,-0.089781,2.837155,16.319444,288
DE_LU-AT,mnp,96,-1.239496,-0.089781,3.700770,13.888889,288
DE_LU-CH,mnp,96,-1.239496,-0.089781,8.023897,28.125000,288
FR-BE,mnp,96,-1.239496,-0.089781,-18.950823,67.013889,288
FR-CH,mnp,96,-1.239496,-0.089781,-13.764081,48.263889,288
NL-BE,mnp,96,-1.239496,-0.089781,-0.747369,12.152778,288
AT-CH,mnp,96,-1.239496,-0.089781,4.323127,22.916667,288
AT-CZ,mnp,96,-1.239496,-0.089781,-10.062089,41.319444,288
CZ-PL,mnp,96,-1.239496,-0.089781,-5.794475,42.361111,288
DE_LU-FR,mnp,97,-0.335739,-0.643146,21.744203,72.222222,288
DE_LU-PL,mnp,97,-0.335739,-0.643146,-8.856685,46.180556,288
DE_LU-CZ,mnp,97,-0.335739,-0.643146,-4.741433,26.041667,288
DE_LU-NL,mnp,97,-0.335739,-0.643146,3.208037,14.930556,288
DE_LU-BE,mnp,97,-0.335739,-0.643146,2.702936,13.888889,288
DE_LU-AT,mnp,97,-0.335739,-0.643146,3.009711,13.541667,288
DE_LU-CH,mnp,97,-0.335739,-0.643146,8.010152,27.777778,288
FR-BE,mnp,97,-0.335739,-0.643146,-19.041267,65.625000,288
FR-CH,mnp,97,-0.335739,-0.643146,-13.734050,46.875000,288
NL-BE,mnp,97,-0.335739,-0.643146,-0.505102,11.111111,288
AT-CH,mnp,97,-0.335739,-0.643146,5.000441,22.916667,288
AT-CZ,mnp,97,-0.335739,-0.643146,-7.751144,33.333333,288
CZ-PL,mnp,97,-0.335739,-0.643146,-4.115252,34.027778,288
DE_LU-FR,mnp,98,1.504212,-0.591016,25.998502,67.013889,288
DE_LU-PL,mnp,98,1.504212,-0.591016,-6.746512,38.541667,288
DE_LU-CZ,mnp,98,1.504212,-0.591016,-3.044505,21.527778,288
DE_LU-NL,mnp,98,1.504212,-0.591016,2.868951,13.541667,288
DE_LU-BE,mnp,98,1.504212,-0.591016,2.571320,13.888889,288
DE_LU-AT,mnp,98,1.504212,-0.591016,2.776364,11.805556,288
DE_LU-CH,mnp,98,1.504212,-0.591016,10.167216,27.777778,288
FR-BE,mnp,98,1.504212,-0.591016,-23.427182,62.152778,288
FR-CH,mnp,98,1.504212,-0.591016,-15.831287,41.666667,288
NL-BE,mnp,98,1.504212,-0.591016,-0.297631,9.375000,288
AT-CH,mnp,98,1.504212,-0.591016,7.390852,22.916667,288
AT-CZ,mnp,98,1.504212,-0.591016,-5.820869,22.222222,288
CZ-PL,mnp,98,1.504212,-0.591016,-3.702007,29.861111,288
DE_LU-FR,mnp,99,-1.291436,0.473556,23.365054,75.000000,288
DE_LU-PL,mnp,99,-1.291436,0.473556,-13.179974,60.069444,288
DE_LU-CZ,mnp,99,-1.291436,0.473556,-6.795043,32.986111,288
DE_LU-NL,mnp,99,-1.291436,0.473556,3.732287,16.319444,288
DE_LU-BE,mnp,99,-1.291436,0.473556,3.042251,18.055556,288
DE_LU-AT,mnp,99,-1.291436,0.473556,3.976094,13.888889,288
DE_LU-CH,mnp,99,-1.291436,0.473556,8.611619,28.125000,288
FR-BE,mnp,99,-1.291436,0.473556,-20.322803,67.013889,288
FR-CH,mnp,99,-1.291436,0.473556,-14.753435,49.305556,288
NL-BE,mnp,99,-1.291436,0.473556,-0.690036,12.847222,288
AT-CH,mnp,99,-1.291436,0.473556,4.635526,22.916667,288
AT-CZ,mnp,99,-1.291436,0.473556,-10.771136,42.361111,288
CZ-PL,mnp,99,-1.291436,0.473556,-6.384931,42.361111,288
DE_LU-FR,mnp,100,2.407292,-0.358616,28.459659,65.277778,288
DE_LU-PL,mnp,100,2.407292,-0.358616,-6.280674,38.194444,288
DE_LU-CZ,mnp,100,2.407292,-0.358616,-2.682928,22.916667,288
DE_LU-NL,mnp,100,2.407292,-0.358616,2.653286,14.583333,288
DE_LU-BE,mnp,100,2.407292,-0.358616,2.400398,13.888889,288
DE_LU-AT,mnp,100,2.407292,-0.358616,3.073758,13.541667,288
DE_LU-CH,mnp,100,2.407292,-0.358616,11.753177,28.125000,288
FR-BE,mnp,100,2.407292,-0.358616,-26.059261,60.416667,288
FR-CH,mnp,100,2.407292,-0.358616,-16.706482,39.930556,288
NL-BE,mnp,100,2.407292,-0.358616,-0.252888,9.375000,288
AT-CH,mnp,100,2.407292,-0.358616,8.679419,23.263889,288
AT-CZ,mnp,100,2.407292,-0.358616,-5.756686,20.833333,288
CZ-PL,mnp,100,2.407292,-0.358616,-3.597746,29.513889,288
DE_LU-FR,cnec,1,2.197113,-0.114972,36.454945,88.194444,288
DE_LU-PL,cnec,1,2.197113,-0.114972,-9.175262,92.361111,288
DE_LU-CZ,cnec,1,2.197113,-0.114972,-7.314841,88.888889,288
DE_LU-NL,cnec,1,2.197113,-0.114972,0.575736,80.555556,288
DE_LU-BE,cnec,1,2.197113,-0.114972,0.621820,88.541667,288
DE_LU-AT,cnec,1,2.197113,-0.114972,11.417502,80.902778,288
DE_LU-CH,cnec,1,2.197113,-0.114972,16.721396,55.208333,288
FR-BE,cnec,1,2.197113,-0.114972,-35.833125,89.583333,288
FR-CH,cnec,1,2.197113,-0.114972,-19.733549,45.833333,288
NL-BE,cnec,1,2.197113,-0.114972,0.046085,85.069444,288
AT-CH,cnec,1,2.197113,-0.114972,5.303894,53.819444,288
AT-CZ,cnec,1,2.197113,-0.114972,-18.732343,90.277778,288
CZ-PL,cnec,1,2.197113,-0.114972,-1.860421,78.125000,288
DE_LU-FR,cnec,2,-1.736009,-0.193904,26.654248,89.583333,288
DE_LU-PL,cnec,2,-1.736009,-0.193904,-18.829011,89.583333,288
DE_LU-CZ,cnec,2,-1.736009,-0.193904,-11.118467,86.805556,288
DE_LU-NL,cnec,2,-1.736009,-0.193904,5.100026,85.069444,288
DE_LU-BE,cnec,2,-1.736009,-0.193904,7.836375,89.930556,288
DE_LU-AT,cnec,2,-1.736009,-0.193904,8.715890,74.305556,288
DE_LU-CH,cnec,2,-1.736009,-0.193904,11.924209,51.041667,288
FR-BE,cnec,2,-1.736009,-0.193904,-18.817873,89.583333,288
FR-CH,cnec,2,-1.736009,-0.193904,-14.730039,52.083333,288
NL-BE,cnec,2,-1.736009,-0.193904,2.736350,87.847222,288
AT-CH,cnec,2,-1.736009,-0.193904,3.208319,50.694444,288
AT-CZ,cnec,2,-1.736009,-0.193904,-19.834357,90.277778,288
CZ-PL,cnec,2,-1.736009,-0.193904,-7.710544,75.347222,288
DE_LU-FR,cnec,3,-0.264830,-1.496459,24.965836,87.152778,288
DE_LU-PL,cnec,3,-0.264830,-1.496459,-12.296236,84.027778,288
DE_LU-CZ,cnec,3,-0.264830,-1.496459,-8.278937,86.111111,288
DE_LU-NL,cnec,3,-0.264830,-1.496459,2.812142,79.166667,288
DE_LU-BE,cnec,3,-0.264830,-1.496459,3.961161,86.458333,288
DE_LU-AT,cnec,3,-0.264830,-1.496459,8.078809,78.819444,288
DE_LU-CH,cnec,3,-0.264830,-1.496459,10.866377,54.513889,288
FR-BE,cnec,3,-0.264830,-1.496459,-21.004675,87.500000,288
FR-CH,cnec,3,-0.264830,-1.496459,-14.099459,46.875000,288
NL-BE,cnec,3,-0.264830,-1.496459,1.149020,86.805556,288
AT-CH,cnec,3,-0.264830,-1.496459,2.787567,51.736111,288
AT-CZ,cnec,3,-0.264830,-1.496459,-16.357746,88.194444,288
CZ-PL,cnec,3,-0.264830,-1.496459,-4.017299,65.625000,288
DE_LU-FR,cnec,4,1.007578,-1.010333,30.277920,88.541667,288
DE_LU-PL,cnec,4,1.007578,-1.010333,-10.340405,89.583333,288
DE_LU-CZ,cnec,4,1.007578,-1.010333,-7.371706,89.930556,288
DE_LU-NL,cnec,4,1.007578,-1.010333,1.666822,78.819444,288
DE_LU-BE,cnec,4,1.007578,-1.010333,2.238080,87.152778,288
DE_LU-AT,cnec,4,1.007578,-1.010333,9.970171,82.291667,288
DE_LU-CH,cnec,4,1.007578,-1.010333,13.462315,54.861111,288
FR-BE,cnec,4,1.007578,-1.010333,-28.039841,88.541667,288
FR-CH,cnec,4,1.007578,-1.010333,-16.815605,46.180556,288
NL-BE,cnec,4,1.007578,-1.010333,0.571257,85.069444,288
AT-CH,cnec,4,1.007578,-1.010333,3.492144,55.208333,288
AT-CZ,cnec,4,1.007578,-1.010333,-17.341877,89.930556,288
CZ-PL,cnec,4,1.007578,-1.010333,-2.968699,71.875000,288
DE_LU-FR,cnec,5,1.048992,1.827961,38.737636,88.888889,288
DE_LU-PL,cnec,5,1.048992,1.827961,-13.714044,89.930556,288
DE_LU-CZ,cnec,5,1.048992,1.827961,-9.612120,90.972222,288
DE_LU-NL,cnec,5,1.048992,1.827961,3.744537,81.944444,288
DE_LU-BE,cnec,5,1.048992,1.827961,6.098970,87.847222,288
DE_LU-AT,cnec,5,1.048992,1.827961,11.385985,81.597222,288
DE_LU-CH,cnec,5,1.048992,1.827961,16.834280,55.555556,288
FR-BE,cnec,5,1.048992,1.827961,-32.638666,89.236111,288
FR-CH,cnec,5,1.048992,1.827961,-21.903355,47.222222,288
NL-BE,cnec,5,1.048992,1.827961,2.354433,86.458333,288
AT-CH,cnec,5,1.048992,1.827961,5.448295,53.472222,288
AT-CZ,cnec,5,1.048992,1.827961,-20.998105,93.055556,288
CZ-PL,cnec,5,1.048992,1.827961,-4.101924,72.916667,288
DE_LU-FR,cnec,6,0.137185,0.765495,32.972964,87.847222,288
DE_LU-PL,cnec,6,0.137185,0.765495,-14.703588,86.458333,288
DE_LU-CZ,cnec,6,0.137185,0.765495,-9.894583,86.458333,288
DE_LU-NL,cnec,6,0.137185,0.765495,4.109950,81.597222,288
DE_LU-BE,cnec,6,0.137185,0.765495,6.517766,88.888889,288
DE_LU-AT,cnec,6,0.137185,0.765495,9.845281,79.861111,288
DE_LU-CH,cnec,6,0.137185,0.765495,14.040999,54.513889,288
FR-BE,cnec,6,0.137185,0.765495,-26.455198,88.888889,288
FR-CH,cnec,6,0.137185,0.765495,-18.931965,47.916667,288
NL-BE,cnec,6,0.137185,0.765495,2.407816,87.500000,288
AT-CH,cnec,6,0.137185,0.765495,4.195718,52.777778,288
AT-CZ,cnec,6,0.137185,0.765495,-19.739864,89.236111,288
CZ-PL,cnec,6,0.137185,0.765495,-4.809005,70.486111,288
DE_LU-FR,cnec,7,0.180876,-1.178794,27.261189,88.888889,288
DE_LU-PL,cnec,7,0.180876,-1.178794,-11.504599,88.888889,288
DE_LU-CZ,cnec,7,0.180876,-1.178794,-7.810491,89.930556,288
DE_LU-NL,cnec,7,0.180876,-1.178794,2.496132,81.597222,288
DE_LU-BE,cnec,7,0.180876,-1.178794,3.458983,86.111111,288
DE_LU-AT,cnec,7,0.180876,-1.178794,8.927562,81.250000,288
DE_LU-CH,cnec,7,0.180876,-1.178794,11.887200,55.555556,288
FR-BE,cnec,7,0.180876,-1.178794,-23.802206,88.541667,288
FR-CH,cnec,7,0.180876,-1.178794,-15.373989,47.222222,288
NL-BE,cnec,7,0.180876,-1.178794,0.962851,85.763889,288
AT-CH,cnec,7,0.180876,-1.178794,2.959638,53.472222,288
AT-CZ,cnec,7,0.180876,-1.178794,-16.738053,90.972222,288
CZ-PL,cnec,7,0.180876,-1.178794,-3.694108,68.055556,288
DE_LU-FR,cnec,8,-0.726146,-0.936657,25.689629,86.805556,288
DE_LU-PL,cnec,8,-0.726146,-0.936657,-14.570258,87.500000,288
DE_LU-CZ,cnec,8,-0.726146,-0.936657,-9.409352,84.722222,288
DE_LU-NL,cnec,8,-0.726146,-0.936657,3.823024,83.333333,288
DE_LU-BE,cnec,8,-0.726146,-0.936657,5.828475,88.194444,288
DE_LU-AT,cnec,8,-0.726146,-0.936657,8.086155,76.736111,288
DE_LU-CH,cnec,8,-0.726146,-0.936657,11.044481,52.430556,288
FR-BE,cnec,8,-0.726146,-0.936657,-19.861154,88.194444,288
FR-CH,cnec,8,-0.726146,-0.936657,-14.645147,48.263889,288
NL-BE,cnec,8,-0.726146,-0.936657,2.005450,88.194444,288
AT-CH,cnec,8,-0.726146,-0.936657,2.958326,51.388889,288
AT-CZ,cnec,8,-0.726146,-0.936657,-17.495508,89.583333,288
CZ-PL,cnec,8,-0.726146,-0.936657,-5.160905,69.791667,288
DE_LU-FR,cnec,9,0.031736,0.328496,31.328402,87.847222,288
DE_LU-PL,cnec,9,0.031736,0.328496,-14.297453,85.763889,288
DE_LU-CZ,cnec,9,0.031736,0.328496,-9.622261,85.763889,288
DE_LU-NL,cnec,9,0.031736,0.328496,3.874474,81.944444,288
DE_LU-BE,cnec,9,0.031736,0.328496,6.021318,88.541667,288
DE_LU-AT,cnec,9,0.031736,0.328496,9.529968,79.513889,288
DE_LU-CH,cnec,9,0.031736,0.328496,13.373812,54.861111,288
FR-BE,cnec,9,0.031736,0.328496,-25.307085,89.236111,288
FR-CH,cnec,9,0.031736,0.328496,-17.954590,47.916667,288
NL-BE,cnec,9,0.031736,0.328496,2.146844,87.152778,288
AT-CH,cnec,9,0.031736,0.328496,3.843845,52.083333,288
AT-CZ,cnec,9,0.031736,0.328496,-19.152229,89.236111,288
CZ-PL,cnec,9,0.031736,0.328496,-4.675192,70.138889,288
DE_LU-FR,cnec,10,-0.146882,1.714839,35.469025,87.500000,288
DE_LU-PL,cnec,10,-0.146882,1.714839,-17.355685,89.236111,288
DE_LU-CZ,cnec,10,-0.146882,1.714839,-11.155079,87.152778,288
DE_LU-NL,cnec,10,-0.146882,1.714839,5.102204,84.375000,288
DE_LU-BE,cnec,10,-0.146882,1.714839,8.654254,88.888889,288
DE_LU-AT,cnec,10,-0.146882,1.714839,10.351112,78.472222,288
DE_LU-CH,cnec,10,-0.146882,1.714839,15.016103,52.777778,288
FR-BE,cnec,10,-0.146882,1.714839,-26.814771,88.194444,288
FR-CH,cnec,10,-0.146882,1.714839,-20.452921,48.611111,288
NL-BE,cnec,10,-0.146882,1.714839,3.552050,88.888889,288
AT-CH,cnec,10,-0.146882,1.714839,4.664992,52.430556,288
AT-CZ,cnec,10,-0.146882,1.714839,-21.506190,90.972222,288
CZ-PL,cnec,10,-0.146882,1.714839,-6.200606,75.000000,288
DE_LU-FR,cnec,11,0.340603,0.364038,32.138602,87.500000,288
DE_LU-PL,cnec,11,0.340603,0.364038,-13.446990,86.458333,288
DE_LU-CZ,cnec,11,0.340603,0.364038,-9.184384,87.847222,288
DE_LU-NL,cnec,11,0.340603,0.364038,3.488187,81.944444,288
DE_LU-BE,cnec,11,0.340603,0.364038,5.282548,86.805556,288
DE_LU-AT,cnec,11,0.340603,0.364038,9.830532,80.555556,288
DE_LU-CH,cnec,11,0.340603,0.364038,13.840830,54.166667,288
FR-BE,cnec,11,0.340603,0.364038,-26.856054,88.194444,288
FR-CH,cnec,11,0.340603,0.364038,-18.297771,47.222222,288
NL-BE,cnec,11,0.340603,0.364038,1.794360,87.152778,288
AT-CH,cnec,11,0.340603,0.364038,4.010298,53.472222,288
AT-CZ,cnec,11,0.340603,0.364038,-19.014916,87.500000,288
CZ-PL,cnec,11,0.340603,0.364038,-4.262606,69.791667,288
DE_LU-FR,cnec,12,0.281521,-0.432807,29.674564,88.888889,288
DE_LU-PL,cnec,12,0.281521,-0.432807,-12.353468,87.847222,288
DE_LU-CZ,cnec,12,0.281521,-0.432807,-8.422722,92.013889,288
DE_LU-NL,cnec,12,0.281521,-0.432807,2.916207,82.986111,288
DE_LU-BE,cnec,12,0.281521,-0.432807,4.202288,87.152778,288
DE_LU-AT,cnec,12,0.281521,-0.432807,9.368563,81.597222,288
DE_LU-CH,cnec,12,0.281521,-0.432807,12.843696,55.208333,288
FR-BE,cnec,12,0.281521,-0.432807,-25.472276,88.541667,288
FR-CH,cnec,12,0.281521,-0.432807,-16.830867,47.222222,288
NL-BE,cnec,12,0.281521,-0.432807,1.286080,86.458333,288
AT-CH,cnec,12,0.281521,-0.432807,3.475133,53.472222,288
AT-CZ,cnec,12,0.281521,-0.432807,-17.791285,90.625000,288
CZ-PL,cnec,12,0.281521,-0.432807,-3.930746,69.097222,288
DE_LU-FR,cnec,13,-1.104597,-0.833954,25.394199,87.500000,288
DE_LU-PL,cnec,13,-1.104597,-0.833954,-15.972954,88.888889,288
DE_LU-CZ,cnec,13,-1.104597,-0.833954,-10.040568,86.458333,288
DE_LU-NL,cnec,13,-1.104597,-0.833954,4.240526,84.375000,288
DE_LU-BE,cnec,13,-1.104597,-0.833954,6.569421,88.888889,288
DE_LU-AT,cnec,13,-1.104597,-0.833954,8.076871,75.000000,288
DE_LU-CH,cnec,13,-1.104597,-0.833954,11.038649,51.388889,288
FR-BE,cnec,13,-1.104597,-0.833954,-18.824778,89.583333,288
FR-CH,cnec,13,-1.104597,-0.833954,-14.355550,49.305556,288
NL-BE,cnec,13,-1.104597,-0.833954,2.328895,87.847222,288
AT-CH,cnec,13,-1.104597,-0.833954,2.961778,50.347222,288
AT-CZ,cnec,13,-1.104597,-0.833954,-18.117440,89.583333,288
CZ-PL,cnec,13,-1.104597,-0.833954,-5.932386,71.875000,288
DE_LU-FR,cnec,14,0.538449,-0.060128,31.637577,88.888889,288
DE_LU-PL,cnec,14,0.538449,-0.060128,-12.275707,89.930556,288
DE_LU-CZ,cnec,14,0.538449,-0.060128,-8.426819,89.930556,288
DE_LU-NL,cnec,14,0.538449,-0.060128,2.897582,82.986111,288
DE_LU-BE,cnec,14,0.538449,-0.060128,4.259130,86.111111,288
DE_LU-AT,cnec,14,0.538449,-0.060128,9.856520,81.250000,288
DE_LU-CH,cnec,14,0.538449,-0.060128,13.717082,55.208333,288
FR-BE,cnec,14,0.538449,-0.060128,-27.378447,88.888889,288
FR-CH,cnec,14,0.538449,-0.060128,-17.920495,47.222222,288
NL-BE,cnec,14,0.538449,-0.060128,1.361547,87.500000,288
AT-CH,cnec,14,0.538449,-0.060128,3.860562,53.472222,288
AT-CZ,cnec,14,0.538449,-0.060128,-18.283340,91.319444,288
CZ-PL,cnec,14,0.538449,-0.060128,-3.848888,70.486111,288
DE_LU-FR,cnec,15,-0.668212,-0.770415,26.304109,86.805556,288
DE_LU-PL,cnec,15,-0.668212,-0.770415,-14.711509,87.847222,288
DE_LU-CZ,cnec,15,-0.668212,-0.770415,-9.507325,85.069444,288
DE_LU-NL,cnec,15,-0.668212,-0.770415,3.850389,82.986111,288
DE_LU-BE,cnec,15,-0.668212,-0.770415,5.903979,88.194444,288
DE_LU-AT,cnec,15,-0.668212,-0.770415,8.273787,76.736111,288
DE_LU-CH,cnec,15,-0.668212,-0.770415,11.305811,52.083333,288
FR-BE,cnec,15,-0.668212,-0.770415,-20.400130,88.194444,288
FR-CH,cnec,15,-0.668212,-0.770415,-14.998298,48.263889,288
NL-BE,cnec,15,-0.668212,-0.770415,2.053590,87.847222,288
AT-CH,cnec,15,-0.668212,-0.770415,3.032024,51.388889,288
AT-CZ,cnec,15,-0.668212,-0.770415,-17.781112,89.583333,288
CZ-PL,cnec,15,-0.668212,-0.770415,-5.204184,71.180556,288
DE_LU-FR,cnec,16,1.197022,-0.727034,31.614652,88.194444,288
DE_LU-PL,cnec,16,1.197022,-0.727034,-10.372098,89.583333,288
DE_LU-CZ,cnec,16,1.197022,-0.727034,-7.466712,90.277778,288
DE_LU-NL,cnec,16,1.197022,-0.727034,1.625850,79.861111,288
DE_LU-BE,cnec,16,1.197022,-0.727034,2.191223,87.500000,288
DE_LU-AT,cnec,16,1.197022,-0.727034,10.307780,82.638889,288
DE_LU-CH,cnec,16,1.197022,-0.727034,14.107218,54.861111,288
FR-BE,cnec,16,1.197022,-0.727034,-29.423430,88.888889,288
FR-CH,cnec,16,1.197022,-0.727034,-17.507435,46.180556,288
NL-BE,cnec,16,1.197022,-0.727034,0.565372,85.763889,288
AT-CH,cnec,16,1.197022,-0.727034,3.799437,55.555556,288
AT-CZ,cnec,16,1.197022,-0.727034,-17.774492,90.625000,288
CZ-PL,cnec,16,1.197022,-0.727034,-2.905387,71.875000,288
DE_LU-FR,cnec,17,0.238674,0.350753,31.826405,87.152778,288
DE_LU-PL,cnec,17,0.238674,0.350753,-13.694709,85.069444,288
DE_LU-CZ,cnec,17,0.238674,0.350753,-9.325952,85.763889,288
DE_LU-NL,cnec,17,0.238674,0.350753,3.609797,82.638889,288
DE_LU-BE,cnec,17,0.238674,0.350753,5.537780,86.805556,288
DE_LU-AT,cnec,17,0.238674,0.350753,9.713165,79.166667,288
DE_LU-CH,cnec,17,0.238674,0.350753,13.681968,54.166667,288
FR-BE,cnec,17,0.238674,0.350753,-26.288625,87.847222,288
FR-CH,cnec,17,0.238674,0.350753,-18.144437,47.222222,288
NL-BE,cnec,17,0.238674,0.350753,1.927983,86.458333,288
AT-CH,cnec,17,0.238674,0.350753,3.968803,52.083333,288
AT-CZ,cnec,17,0.238674,0.350753,-19.039117,87.847222,288
CZ-PL,cnec,17,0.238674,0.350753,-4.368756,69.097222,288
DE_LU-FR,cnec,18,-2.083870,0.171015,27.127034,90.625000,288
DE_LU-PL,cnec,18,-2.083870,0.171015,-21.000490,89.930556,288
DE_LU-CZ,cnec,18,-2.083870,0.171015,-12.319201,88.194444,288
DE_LU-NL,cnec,18,-2.083870,0.171015,5.410139,85.069444,288
DE_LU-BE,cnec,18,-2.083870,0.171015,8.268335,91.319444,288
DE_LU-AT,cnec,18,-2.083870,0.171015,8.786359,74.652778,288
DE_LU-CH,cnec,18,-2.083870,0.171015,12.236755,50.694444,288
FR-BE,cnec,18,-2.083870,0.171015,-18.858699,91.319444,288
FR-CH,cnec,18,-2.083870,0.171015,-14.890279,52.777778,288
NL-BE,cnec,18,-2.083870,0.171015,2.858196,89.930556,288
AT-CH,cnec,18,-2.083870,0.171015,3.450396,51.041667,288
AT-CZ,cnec,18,-2.083870,0.171015,-21.105560,90.625000,288
CZ-PL,cnec,18,-2.083870,0.171015,-8.681289,77.777778,288
DE_LU-FR,cnec,19,-0.569262,0.276542,29.877678,87.152778,288
DE_LU-PL,cnec,19,-0.569262,0.276542,-16.244291,87.847222,288
DE_LU-CZ,cnec,19,-0.569262,0.276542,-10.369819,86.458333,288
DE_LU-NL,cnec,19,-0.569262,0.276542,4.481641,83.680556,288
DE_LU-BE,cnec,19,-0.569262,0.276542,7.212283,88.194444,288
DE_LU-AT,cnec,19,-0.569262,0.276542,9.087970,77.083333,288
DE_LU-CH,cnec,19,-0.569262,0.276542,12.786170,52.777778,288
FR-BE,cnec,19,-0.569262,0.276542,-22.665395,87.847222,288
FR-CH,cnec,19,-0.569262,0.276542,-17.091508,48.263889,288
NL-BE,cnec,19,-0.569262,0.276542,2.730642,87.847222,288
AT-CH,cnec,19,-0.569262,0.276542,3.698200,51.388889,288
AT-CZ,cnec,19,-0.569262,0.276542,-19.457789,89.583333,288
CZ-PL,cnec,19,-0.569262,0.276542,-5.874473,73.263889,288
DE_LU-FR,cnec,20,-1.368704,0.548568,29.644057,88.888889,288
DE_LU-PL,cnec,20,-1.368704,0.548568,-19.117537,88.194444,288
DE_LU-CZ,cnec,20,-1.368704,0.548568,-11.432731,85.763889,288
DE_LU-NL,cnec,20,-1.368704,0.548568,5.249748,84.722222,288
DE_LU-BE,cnec,20,-1.368704,0.548568,8.448937,89.930556,288
DE_LU-AT,cnec,20,-1.368704,0.548568,9.287535,75.000000,288
DE_LU-CH,cnec,20,-1.368704,0.548568,12.973333,51.041667,288
FR-BE,cnec,20,-1.368704,0.548568,-21.195120,90.277778,288
FR-CH,cnec,20,-1.368704,0.548568,-16.670724,51.388889,288
NL-BE,cnec,20,-1.368704,0.548568,3.199189,87.152778,288
AT-CH,cnec,20,-1.368704,0.548568,3.685798,51.041667,288
AT-CZ,cnec,20,-1.368704,0.548568,-20.720266,90.277778,288
CZ-PL,cnec,20,-1.368704,0.548568,-7.684806,75.000000,288
DE_LU-FR,cnec,21,-0.826108,-2.747357,20.096670,88.194444,288
DE_LU-PL,cnec,21,-0.826108,-2.747357,-11.659467,84.027778,288
DE_LU-CZ,cnec,21,-0.826108,-2.747357,-7.739199,81.250000,288
DE_LU-NL,cnec,21,-0.826108,-2.747357,2.783506,80.208333,288
DE_LU-BE,cnec,21,-0.826108,-2.747357,3.836867,86.805556,288
DE_LU-AT,cnec,21,-0.826108,-2.747357,7.025709,78.125000,288
DE_LU-CH,cnec,21,-0.826108,-2.747357,8.900396,54.513889,288
FR-BE,cnec,21,-0.826108,-2.747357,-16.259803,88.541667,288
FR-CH,cnec,21,-0.826108,-2.747357,-11.196274,48.263889,288
NL-BE,cnec,21,-0.826108,-2.747357,1.053361,85.069444,288
AT-CH,cnec,21,-0.826108,-2.747357,1.874687,51.041667,288
AT-CZ,cnec,21,-0.826108,-2.747357,-14.764908,88.541667,288
CZ-PL,cnec,21,-0.826108,-2.747357,-3.920269,65.277778,288
DE_LU-FR,cnec,22,0.361224,0.113311,31.452152,88.194444,288
DE_LU-PL,cnec,22,0.361224,0.113311,-12.964619,86.458333,288
DE_LU-CZ,cnec,22,0.361224,0.113311,-8.880473,90.277778,288
DE_LU-NL,cnec,22,0.361224,0.113311,3.241264,82.638889,288
DE_LU-BE,cnec,22,0.361224,0.113311,4.820858,87.847222,288
DE_LU-AT,cnec,22,0.361224,0.113311,9.714635,80.555556,288
DE_LU-CH,cnec,22,0.361224,0.113311,13.568761,54.513889,288
FR-BE,cnec,22,0.361224,0.113311,-26.631294,88.541667,288
FR-CH,cnec,22,0.361224,0.113311,-17.883391,47.222222,288
NL-BE,cnec,22,0.361224,0.113311,1.579595,86.805556,288
AT-CH,cnec,22,0.361224,0.113311,3.854126,53.125000,288
AT-CZ,cnec,22,0.361224,0.113311,-18.595108,89.236111,288
CZ-PL,cnec,22,0.361224,0.113311,-4.084145,69.097222,288
DE_LU-FR,cnec,23,-2.034675,-0.688846,24.363449,89.583333,288
DE_LU-PL,cnec,23,-2.034675,-0.688846,-19.148742,88.194444,288
DE_LU-CZ,cnec,23,-2.034675,-0.688846,-11.263162,87.500000,288
DE_LU-NL,cnec,23,-2.034675,-0.688846,4.908683,83.680556,288
DE_LU-BE,cnec,23,-2.034675,-0.688846,7.294485,90.277778,288
DE_LU-AT,cnec,23,-2.034675,-0.688846,8.224823,73.263889,288
DE_LU-CH,cnec,23,-2.034675,-0.688846,11.137032,50.694444,288
FR-BE,cnec,23,-2.034675,-0.688846,-17.068964,89.583333,288
FR-CH,cnec,23,-2.034675,-0.688846,-13.226417,52.083333,288
NL-BE,cnec,23,-2.034675,-0.688846,2.385801,89.236111,288
AT-CH,cnec,23,-2.034675,-0.688846,2.912209,49.652778,288
AT-CZ,cnec,23,-2.034675,-0.688846,-19.487985,89.583333,288
CZ-PL,cnec,23,-2.034675,-0.688846,-7.885580,76.041667,288
DE_LU-FR,cnec,24,-0.450022,-1.526510,24.421859,87.847222,288
DE_LU-PL,cnec,24,-0.450022,-1.526510,-12.735242,85.069444,288
DE_LU-CZ,cnec,24,-0.450022,-1.526510,-8.542608,85.069444,288
DE_LU-NL,cnec,24,-0.450022,-1.526510,3.063999,80.208333,288
DE_LU-BE,cnec,24,-0.450022,-1.526510,4.332251,87.500000,288
DE_LU-AT,cnec,24,-0.450022,-1.526510,7.838072,78.125000,288
DE_LU-CH,cnec,24,-0.450022,-1.526510,10.628854,54.166667,288
FR-BE,cnec,24,-0.450022,-1.526510,-20.089608,88.888889,288
FR-CH,cnec,24,-0.450022,-1.526510,-13.793005,48.263889,288
NL-BE,cnec,24,-0.450022,-1.526510,1.268252,85.763889,288
AT-CH,cnec,24,-0.450022,-1.526510,2.790782,50.694444,288
AT-CZ,cnec,24,-0.450022,-1.526510,-16.380680,88.888889,288
CZ-PL,cnec,24,-0.450022,-1.526510,-4.192634,65.625000,288
DE_LU-FR,cnec,25,1.134207,1.735230,38.733612,88.888889,288
DE_LU-PL,cnec,25,1.134207,1.735230,-13.436357,92.361111,288
DE_LU-CZ,cnec,25,1.134207,1.735230,-9.427993,90.972222,288
DE_LU-NL,cnec,25,1.134207,1.735230,3.599262,81.944444,288
DE_LU-BE,cnec,25,1.134207,1.735230,5.805680,87.500000,288
DE_LU-AT,cnec,25,1.134207,1.735230,11.453277,81.597222,288
DE_LU-CH,cnec,25,1.134207,1.735230,16.849041,55.555556,288
FR-BE,cnec,25,1.134207,1.735230,-32.927932,89.236111,288
FR-CH,cnec,25,1.134207,1.735230,-21.884571,47.222222,288
NL-BE,cnec,25,1.134207,1.735230,2.206418,87.152778,288
AT-CH,cnec,25,1.134207,1.735230,5.395764,53.819444,288
AT-CZ,cnec,25,1.134207,1.735230,-20.881271,93.402778,288
CZ-PL,cnec,25,1.134207,1.735230,-4.008364,73.611111,288
DE_LU-FR,cnec,26,0.742427,1.239212,36.010755,88.888889,288
DE_LU-PL,cnec,26,0.742427,1.239212,-13.620932,89.930556,288
DE_LU-CZ,cnec,26,0.742427,1.239212,-9.458876,90.277778,288
DE_LU-NL,cnec,26,0.742427,1.239212,3.652109,81.944444,288
DE_LU-BE,cnec,26,0.742427,1.239212,5.804172,88.541667,288
DE_LU-AT,cnec,26,0.742427,1.239212,10.751450,81.944444,288
DE_LU-CH,cnec,26,0.742427,1.239212,15.573330,55.208333,288
FR-BE,cnec,26,0.742427,1.239212,-30.206582,88.541667,288
FR-CH,cnec,26,0.742427,1.239212,-20.437425,47.222222,288
NL-BE,cnec,26,0.742427,1.239212,2.152064,85.763889,288
AT-CH,cnec,26,0.742427,1.239212,4.821879,53.819444,288
AT-CZ,cnec,26,0.742427,1.239212,-20.210326,92.013889,288
CZ-PL,cnec,26,0.742427,1.239212,-4.162055,72.569444,288
DE_LU-FR,cnec,27,-1.609917,-0.611588,25.457375,88.541667,288
DE_LU-PL,cnec,27,-1.609917,-0.611588,-17.826833,87.152778,288
DE_LU-CZ,cnec,27,-1.609917,-0.611588,-10.596881,85.069444,288
DE_LU-NL,cnec,27,-1.609917,-0.611588,4.749710,85.416667,288
DE_LU-BE,cnec,27,-1.609917,-0.611588,7.249662,90.277778,288
DE_LU-AT,cnec,27,-1.609917,-0.611588,8.444536,75.347222,288
DE_LU-CH,cnec,27,-1.609917,-0.611588,11.429512,51.041667,288
FR-BE,cnec,27,-1.609917,-0.611588,-18.207713,89.930556,288
FR-CH,cnec,27,-1.609917,-0.611588,-14.027862,51.388889,288
NL-BE,cnec,27,-1.609917,-0.611588,2.499952,88.541667,288
AT-CH,cnec,27,-1.609917,-0.611588,2.984976,51.041667,288
AT-CZ,cnec,27,-1.609917,-0.611588,-19.041417,89.583333,288
CZ-PL,cnec,27,-1.609917,-0.611588,-7.229952,74.305556,288
DE_LU-FR,cnec,28,-1.502852,-0.664543,25.443389,88.194444,288
DE_LU-PL,cnec,28,-1.502852,-0.664543,-17.432270,87.152778,288
DE_LU-CZ,cnec,28,-1.502852,-0.664543,-10.459235,85.763889,288
DE_LU-NL,cnec,28,-1.502852,-0.664543,4.619639,85.069444,288
DE_LU-BE,cnec,28,-1.502852,-0.664543,7.097520,89.930556,288
DE_LU-AT,cnec,28,-1.502852,-0.664543,8.386150,75.347222,288
DE_LU-CH,cnec,28,-1.502852,-0.664543,11.386488,51.388889,288
FR-BE,cnec,28,-1.502852,-0.664543,-18.345869,89.930556,288
FR-CH,cnec,28,-1.502852,-0.664543,-14.056901,50.694444,288
NL-BE,cnec,28,-1.502852,-0.664543,2.477881,88.194444,288
AT-CH,cnec,28,-1.502852,-0.664543,3.000338,50.694444,288
AT-CZ,cnec,28,-1.502852,-0.664543,-18.845385,89.236111,288
CZ-PL,cnec,28,-1.502852,-0.664543,-6.973035,74.305556,288
DE_LU-FR,cnec,29,-0.041075,0.404953,31.419813,88.541667,288
DE_LU-PL,cnec,29,-0.041075,0.404953,-14.802783,86.111111,288
DE_LU-CZ,cnec,29,-0.041075,0.404953,-9.872406,86.458333,288
DE_LU-NL,cnec,29,-0.041075,0.404953,4.012729,82.986111,288
DE_LU-BE,cnec,29,-0.041075,0.404953,6.280175,86.458333,288
DE_LU-AT,cnec,29,-0.041075,0.404953,9.459913,77.430556,288
DE_LU-CH,cnec,29,-0.041075,0.404953,13.364310,54.166667,288
FR-BE,cnec,29,-0.041075,0.404953,-25.139638,89.236111,288
FR-CH,cnec,29,-0.041075,0.404953,-18.055503,48.611111,288
NL-BE,cnec,29,-0.041075,0.404953,2.267446,86.458333,288
AT-CH,cnec,29,-0.041075,0.404953,3.904397,51.041667,288
AT-CZ,cnec,29,-0.041075,0.404953,-19.332319,89.930556,288
CZ-PL,cnec,29,-0.041075,0.404953,-4.930377,70.486111,288
DE_LU-FR,cnec,30,-2.420971,-1.215444,21.613997,90.277778,288
DE_LU-PL,cnec,30,-2.420971,-1.215444,-19.899289,89.583333,288
DE_LU-CZ,cnec,30,-2.420971,-1.215444,-11.673793,85.763889,288
DE_LU-NL,cnec,30,-2.420971,-1.215444,4.701551,84.027778,288
DE_LU-BE,cnec,30,-2.420971,-1.215444,6.800816,90.625000,288
DE_LU-AT,cnec,30,-2.420971,-1.215444,7.672596,72.916667,288
DE_LU-CH,cnec,30,-2.420971,-1.215444,10.105586,50.000000,288
FR-BE,cnec,30,-2.420971,-1.215444,-14.813182,90.625000,288
FR-CH,cnec,30,-2.420971,-1.215444,-11.508411,52.777778,288
NL-BE,cnec,30,-2.420971,-1.215444,2.099265,86.805556,288
AT-CH,cnec,30,-2.420971,-1.215444,2.432991,50.000000,288
AT-CZ,cnec,30,-2.420971,-1.215444,-19.346388,89.236111,288
CZ-PL,cnec,30,-2.420971,-1.215444,-8.225496,78.472222,288
DE_LU-FR,cnec,31,-1.136930,-0.693633,25.824333,87.847222,288
DE_LU-PL,cnec,31,-1.136930,-0.693633,-16.309568,87.847222,288
DE_LU-CZ,cnec,31,-1.136930,-0.693633,-10.178889,87.152778,288
DE_LU-NL,cnec,31,-1.136930,-0.693633,4.338647,84.375000,288
DE_LU-BE,cnec,31,-1.136930,-0.693633,6.760904,89.236111,288
DE_LU-AT,cnec,31,-1.136930,-0.693633,8.228640,75.000000,288
DE_LU-CH,cnec,31,-1.136930,-0.693633,11.250835,51.388889,288
FR-BE,cnec,31,-1.136930,-0.693633,-19.063429,89.583333,288
FR-CH,cnec,31,-1.136930,-0.693633,-14.573498,49.652778,288
NL-BE,cnec,31,-1.136930,-0.693633,2.422258,87.847222,288
AT-CH,cnec,31,-1.136930,-0.693633,3.022195,50.347222,288
AT-CZ,cnec,31,-1.136930,-0.693633,-18.407529,89.236111,288
CZ-PL,cnec,31,-1.136930,-0.693633,-6.130679,71.875000,288
DE_LU-FR,cnec,32,-1.005003,-0.270930,27.395589,87.847222,288
DE_LU-PL,cnec,32,-1.005003,-0.270930,-16.704456,88.541667,288
DE_LU-CZ,cnec,32,-1.005003,-0.270930,-10.450994,88.194444,288
DE_LU-NL,cnec,32,-1.005003,-0.270930,4.503139,84.027778,288
DE_LU-BE,cnec,32,-1.005003,-0.270930,7.153315,89.583333,288
DE_LU-AT,cnec,32,-1.005003,-0.270930,8.581443,75.000000,288
DE_LU-CH,cnec,32,-1.005003,-0.270930,11.833271,51.388889,288
FR-BE,cnec,32,-1.005003,-0.270930,-20.242274,89.930556,288
FR-CH,cnec,32,-1.005003,-0.270930,-15.562318,49.652778,288
NL-BE,cnec,32,-1.005003,-0.270930,2.650176,87.500000,288
AT-CH,cnec,32,-1.005003,-0.270930,3.251828,50.347222,288
AT-CZ,cnec,32,-1.005003,-0.270930,-19.032437,90.277778,288
CZ-PL,cnec,32,-1.005003,-0.270930,-6.253462,72.569444,288
DE_LU-FR,cnec,33,1.275404,1.810060,39.355180,88.888889,288
DE_LU-PL,cnec,33,1.275404,1.810060,-13.309925,91.319444,288
DE_LU-CZ,cnec,33,1.275404,1.810060,-9.378673,91.666667,288
DE_LU-NL,cnec,33,1.275404,1.810060,3.469789,81.944444,288
DE_LU-BE,cnec,33,1.275404,1.810060,5.571243,87.152778,288
DE_LU-AT,cnec,33,1.275404,1.810060,11.621089,81.250000,288
DE_LU-CH,cnec,33,1.275404,1.810060,17.130376,55.208333,288
FR-BE,cnec,33,1.275404,1.810060,-33.783937,88.888889,288
FR-CH,cnec,33,1.275404,1.810060,-22.224804,47.222222,288
NL-BE,cnec,33,1.275404,1.810060,2.101454,87.152778,288
AT-CH,cnec,33,1.275404,1.810060,5.509287,53.819444,288
AT-CZ,cnec,33,1.275404,1.810060,-20.999762,93.750000,288
CZ-PL,cnec,33,1.275404,1.810060,-3.931252,73.958333,288
DE_LU-FR,cnec,34,0.781727,0.758113,34.770739,88.888889,288
DE_LU-PL,cnec,34,0.781727,0.758113,-12.882750,90.625000,288
DE_LU-CZ,cnec,34,0.781727,0.758113,-8.928791,90.277778,288
DE_LU-NL,cnec,34,0.781727,0.758113,3.224282,81.944444,288
DE_LU-BE,cnec,34,0.781727,0.758113,4.983418,87.152778,288
DE_LU-AT,cnec,34,0.781727,0.758113,10.502970,81.250000,288
DE_LU-CH,cnec,34,0.781727,0.758113,15.087831,55.208333,288
FR-BE,cnec,34,0.781727,0.758113,-29.787321,89.236111,288
FR-CH,cnec,34,0.781727,0.758113,-19.682908,47.222222,288
NL-BE,cnec,34,0.781727,0.758113,1.759136,86.458333,288
AT-CH,cnec,34,0.781727,0.758113,4.584861,53.472222,288
AT-CZ,cnec,34,0.781727,0.758113,-19.431761,92.361111,288
CZ-PL,cnec,34,0.781727,0.758113,-3.953959,71.527778,288
DE_LU-FR,cnec,35,-0.089200,2.308047,37.623181,87.847222,288
DE_LU-PL,cnec,35,-0.089200,2.308047,-18.186982,89.930556,288
DE_LU-CZ,cnec,35,-0.089200,2.308047,-11.623473,87.847222,288
DE_LU-NL,cnec,35,-0.089200,2.308047,5.476198,84.722222,288
DE_LU-BE,cnec,35,-0.089200,2.308047,9.456543,89.583333,288
DE_LU-AT,cnec,35,-0.089200,2.308047,10.835410,77.430556,288
DE_LU-CH,cnec,35,-0.089200,2.308047,15.903547,52.430556,288
FR-BE,cnec,35,-0.089200,2.308047,-28.166638,89.583333,288
FR-CH,cnec,35,-0.089200,2.308047,-21.719633,49.305556,288
NL-BE,cnec,35,-0.089200,2.308047,3.980345,89.236111,288
AT-CH,cnec,35,-0.089200,2.308047,5.068137,51.388889,288
AT-CZ,cnec,35,-0.089200,2.308047,-22.458883,90.972222,288
CZ-PL,cnec,35,-0.089200,2.308047,-6.563510,76.388889,288
DE_LU-FR,cnec,36,-0.744382,-1.086713,25.174543,86.805556,288
DE_LU-PL,cnec,36,-0.744382,-1.086713,-14.350234,87.847222,288
DE_LU-CZ,cnec,36,-0.744382,-1.086713,-9.287415,85.416667,288
DE_LU-NL,cnec,36,-0.744382,-1.086713,3.741191,82.986111,288
DE_LU-BE,cnec,36,-0.744382,-1.086713,5.654119,88.541667,288
DE_LU-AT,cnec,36,-0.744382,-1.086713,7.969759,76.388889,288
DE_LU-CH,cnec,36,-0.744382,-1.086713,10.830808,52.083333,288
FR-BE,cnec,36,-0.744382,-1.086713,-19.520424,88.194444,288
FR-CH,cnec,36,-0.744382,-1.086713,-14.343735,48.263889,288
NL-BE,cnec,36,-0.744382,-1.086713,1.912928,87.500000,288
AT-CH,cnec,36,-0.744382,-1.086713,2.861049,51.388889,288
AT-CZ,cnec,36,-0.744382,-1.086713,-17.257174,89.930556,288
CZ-PL,cnec,36,-0.744382,-1.086713,-5.062819,69.097222,288
DE_LU-FR,cnec,37,0.987486,-0.067784,32.953486,88.888889,288
DE_LU-PL,cnec,37,0.987486,-0.067784,-11.473035,90.277778,288
DE_LU-CZ,cnec,37,0.987486,-0.067784,-8.073193,88.888889,288
DE_LU-NL,cnec,37,0.987486,-0.067784,2.415756,80.902778,288
DE_LU-BE,cnec,37,0.987486,-0.067784,3.419562,87.847222,288
DE_LU-AT,cnec,37,0.987486,-0.067784,10.286491,80.902778,288
DE_LU-CH,cnec,37,0.987486,-0.067784,14.416527,53.819444,288
FR-BE,cnec,37,0.987486,-0.067784,-29.533924,88.888889,288
FR-CH,cnec,37,0.987486,-0.067784,-18.536959,46.875000,288
NL-BE,cnec,37,0.987486,-0.067784,1.003806,86.111111,288
AT-CH,cnec,37,0.987486,-0.067784,4.130036,54.513889,288
AT-CZ,cnec,37,0.987486,-0.067784,-18.359683,88.541667,288
CZ-PL,cnec,37,0.987486,-0.067784,-3.399842,70.833333,288
DE_LU-FR,cnec,38,-0.121814,0.557868,31.746187,87.847222,288
DE_LU-PL,cnec,38,-0.121814,0.557868,-15.274752,88.194444,288
DE_LU-CZ,cnec,38,-0.121814,0.557868,-10.083516,85.763889,288
DE_LU-NL,cnec,38,-0.121814,0.557868,4.224201,83.680556,288
DE_LU-BE,cnec,38,-0.121814,0.557868,6.766309,89.583333,288
DE_LU-AT,cnec,38,-0.121814,0.557868,9.598122,77.777778,288
DE_LU-CH,cnec,38,-0.121814,0.557868,13.461845,53.819444,288
FR-BE,cnec,38,-0.121814,0.557868,-24.979878,89.583333,288
FR-CH,cnec,38,-0.121814,0.557868,-18.284342,48.611111,288
NL-BE,cnec,38,-0.121814,0.557868,2.542108,87.152778,288
AT-CH,cnec,38,-0.121814,0.557868,3.863723,51.388889,288
AT-CZ,cnec,38,-0.121814,0.557868,-19.681637,89.930556,288
CZ-PL,cnec,38,-0.121814,0.557868,-5.191237,71.527778,288
DE_LU-FR,cnec,39,-0.297779,-0.250337,28.736580,88.194444,288
DE_LU-PL,cnec,39,-0.297779,-0.250337,-14.452098,87.152778,288
DE_LU-CZ,cnec,39,-0.297779,-0.250337,-9.474206,85.763889,288
DE_LU-NL,cnec,39,-0.297779,-0.250337,3.822436,83.680556,288
DE_LU-BE,cnec,39,-0.297779,-0.250337,5.882378,88.194444,288
DE_LU-AT,cnec,39,-0.297779,-0.250337,8.897731,78.125000,288
DE_LU-CH,cnec,39,-0.297779,-0.250337,12.249424,53.819444,288
FR-BE,cnec,39,-0.297779,-0.250337,-22.854202,89.236111,288
FR-CH,cnec,39,-0.297779,-0.250337,-16.487156,48.611111,288
NL-BE,cnec,39,-0.297779,-0.250337,2.059942,86.805556,288
AT-CH,cnec,39,-0.297779,-0.250337,3.351692,51.388889,288
AT-CZ,cnec,39,-0.297779,-0.250337,-18.371937,89.930556,288
CZ-PL,cnec,39,-0.297779,-0.250337,-4.977892,68.402778,288
DE_LU-FR,cnec,40,0.580996,0.974336,34.683174,88.541667,288
DE_LU-PL,cnec,40,0.580996,0.974336,-13.679059,88.541667,288
DE_LU-CZ,cnec,40,0.580996,0.974336,-9.436907,88.541667,288
DE_LU-NL,cnec,40,0.580996,0.974336,3.653577,81.944444,288
DE_LU-BE,cnec,40,0.580996,0.974336,5.717409,87.152778,288
DE_LU-AT,cnec,40,0.580996,0.974336,10.416609,81.944444,288
DE_LU-CH,cnec,40,0.580996,0.974336,14.954515,55.555556,288
FR-BE,cnec,40,0.580996,0.974336,-28.965765,88.194444,288
FR-CH,cnec,40,0.580996,0.974336,-19.728659,47.569444,288
NL-BE,cnec,40,0.580996,0.974336,2.063832,86.111111,288
AT-CH,cnec,40,0.580996,0.974336,4.537907,53.472222,288
AT-CZ,cnec,40,0.580996,0.974336,-19.853516,89.930556,288
CZ-PL,cnec,40,0.580996,0.974336,-4.242152,72.569444,288
DE_LU-FR,cnec,41,-0.158012,-0.715770,27.529522,87.500000,288
DE_LU-PL,cnec,41,-0.158012,-0.715770,-13.296959,84.375000,288
DE_LU-CZ,cnec,41,-0.158012,-0.715770,-8.941375,85.069444,288
DE_LU-NL,cnec,41,-0.158012,-0.715770,3.240382,81.944444,288
DE_LU-BE,cnec,41,-0.158012,-0.715770,4.727048,88.194444,288
DE_LU-AT,cnec,41,-0.158012,-0.715770,8.608272,79.166667,288
DE_LU-CH,cnec,41,-0.158012,-0.715770,11.836548,54.513889,288
FR-BE,cnec,41,-0.158012,-0.715770,-22.802474,89.236111,288
FR-CH,cnec,41,-0.158012,-0.715770,-15.692974,47.916667,288
NL-BE,cnec,41,-0.158012,-0.715770,1.486666,86.805556,288
AT-CH,cnec,41,-0.158012,-0.715770,3.228277,52.083333,288
AT-CZ,cnec,41,-0.158012,-0.715770,-17.549647,87.847222,288
CZ-PL,cnec,41,-0.158012,-0.715770,-4.355584,66.319444,288
DE_LU-FR,cnec,42,-1.443540,-1.096104,24.121794,88.194444,288
DE_LU-PL,cnec,42,-1.443540,-1.096104,-16.476379,86.458333,288
DE_LU-CZ,cnec,42,-1.443540,-1.096104,-9.992238,86.111111,288
DE_LU-NL,cnec,42,-1.443540,-1.096104,4.317736,84.375000,288
DE_LU-BE,cnec,42,-1.443540,-1.096104,6.582730,89.236111,288
DE_LU-AT,cnec,42,-1.443540,-1.096104,8.085235,74.652778,288
DE_LU-CH,cnec,42,-1.443540,-1.096104,10.801447,51.041667,288
FR-BE,cnec,42,-1.443540,-1.096104,-17.539063,88.888889,288
FR-CH,cnec,42,-1.443540,-1.096104,-13.320347,51.041667,288
NL-BE,cnec,42,-1.443540,-1.096104,2.264994,88.888889,288
AT-CH,cnec,42,-1.443540,-1.096104,2.716211,50.347222,288
AT-CZ,cnec,42,-1.443540,-1.096104,-18.077473,89.583333,288
CZ-PL,cnec,42,-1.443540,-1.096104,-6.484141,73.958333,288
DE_LU-FR,cnec,43,-0.236189,0.314682,30.697925,86.805556,288
DE_LU-PL,cnec,43,-0.236189,0.314682,-15.210386,87.847222,288
DE_LU-CZ,cnec,43,-0.236189,0.314682,-9.950738,86.111111,288
DE_LU-NL,cnec,43,-0.236189,0.314682,4.172623,83.680556,288
DE_LU-BE,cnec,43,-0.236189,0.314682,6.640944,88.888889,288
DE_LU-AT,cnec,43,-0.236189,0.314682,9.341993,77.083333,288
DE_LU-CH,cnec,43,-0.236189,0.314682,13.033274,52.430556,288
FR-BE,cnec,43,-0.236189,0.314682,-24.056982,89.236111,288
FR-CH,cnec,43,-0.236189,0.314682,-17.664652,48.263889,288
NL-BE,cnec,43,-0.236189,0.314682,2.468321,87.152778,288
AT-CH,cnec,43,-0.236189,0.314682,3.691280,51.736111,288
AT-CZ,cnec,43,-0.236189,0.314682,-19.292731,90.277778,288
CZ-PL,cnec,43,-0.236189,0.314682,-5.259648,70.486111,288
DE_LU-FR,cnec,44,0.086571,0.184545,30.913609,87.500000,288
DE_LU-PL,cnec,44,0.086571,0.184545,-13.907077,85.069444,288
DE_LU-CZ,cnec,44,0.086571,0.184545,-9.408906,85.763889,288
DE_LU-NL,cnec,44,0.086571,0.184545,3.676523,82.638889,288
DE_LU-BE,cnec,44,0.086571,0.184545,5.637552,88.541667,288
DE_LU-AT,cnec,44,0.086571,0.184545,9.475429,78.819444,288
DE_LU-CH,cnec,44,0.086571,0.184545,13.234482,53.819444,288
FR-BE,cnec,44,0.086571,0.184545,-25.276057,89.236111,288
FR-CH,cnec,44,0.086571,0.184545,-17.679127,47.916667,288
NL-BE,cnec,44,0.086571,0.184545,1.961029,86.805556,288
AT-CH,cnec,44,0.086571,0.184545,3.759053,52.083333,288
AT-CZ,cnec,44,0.086571,0.184545,-18.884335,88.541667,288
CZ-PL,cnec,44,0.086571,0.184545,-4.498171,69.444444,288
DE_LU-FR,cnec,45,0.494676,0.221072,32.269456,88.541667,288
DE_LU-PL,cnec,45,0.494676,0.221072,-12.766220,87.500000,288
DE_LU-CZ,cnec,45,0.494676,0.221072,-8.776918,91.666667,288
DE_LU-NL,cnec,45,0.494676,0.221072,3.166330,82.291667,288
DE_LU-BE,cnec,45,0.494676,0.221072,4.738184,87.152778,288
DE_LU-AT,cnec,45,0.494676,0.221072,9.922385,81.250000,288
DE_LU-CH,cnec,45,0.494676,0.221072,13.959505,54.861111,288
FR-BE,cnec,45,0.494676,0.221072,-27.531272,88.888889,288
FR-CH,cnec,45,0.494676,0.221072,-18.309951,47.222222,288
NL-BE,cnec,45,0.494676,0.221072,1.571854,86.805556,288
AT-CH,cnec,45,0.494676,0.221072,4.037120,53.819444,288
AT-CZ,cnec,45,0.494676,0.221072,-18.699303,91.666667,288
CZ-PL,cnec,45,0.494676,0.221072,-3.989302,72.222222,288
DE_LU-FR,cnec,46,-0.022110,0.393309,31.415413,88.194444,288
DE_LU-PL,cnec,46,-0.022110,0.393309,-14.666755,85.763889,288
DE_LU-CZ,cnec,46,-0.022110,0.393309,-9.802994,86.111111,288
DE_LU-NL,cnec,46,-0.022110,0.393309,3.979196,82.291667,288
DE_LU-BE,cnec,46,-0.022110,0.393309,6.227121,86.805556,288
DE_LU-AT,cnec,46,-0.022110,0.393309,9.478600,77.430556,288
DE_LU-CH,cnec,46,-0.022110,0.393309,13.372348,54.166667,288
FR-BE,cnec,46,-0.022110,0.393309,-25.188292,88.888889,288
FR-CH,cnec,46,-0.022110,0.393309,-18.043065,48.263889,288
NL-BE,cnec,46,-0.022110,0.393309,2.247925,86.111111,288
AT-CH,cnec,46,-0.022110,0.393309,3.893748,51.041667,288
AT-CZ,cnec,46,-0.022110,0.393309,-19.281594,89.583333,288
CZ-PL,cnec,46,-0.022110,0.393309,-4.863761,70.486111,288
DE_LU-FR,cnec,47,-0.330310,-0.796405,26.932502,88.194444,288
DE_LU-PL,cnec,47,-0.330310,-0.796405,-13.658870,87.152778,288
DE_LU-CZ,cnec,47,-0.330310,-0.796405,-9.049456,84.027778,288
DE_LU-NL,cnec,47,-0.330310,-0.796405,3.438402,82.291667,288
DE_LU-BE,cnec,47,-0.330310,-0.796405,5.051992,87.847222,288
DE_LU-AT,cnec,47,-0.330310,-0.796405,8.461697,78.472222,288
DE_LU-CH,cnec,47,-0.330310,-0.796405,11.545410,54.513889,288
FR-BE,cnec,47,-0.330310,-0.796405,-21.880509,88.888889,288
FR-CH,cnec,47,-0.330310,-0.796405,-15.387091,48.263889,288
NL-BE,cnec,47,-0.330310,-0.796405,1.613590,85.763889,288
AT-CH,cnec,47,-0.330310,-0.796405,3.083713,51.041667,288
AT-CZ,cnec,47,-0.330310,-0.796405,-17.511153,89.583333,288
CZ-PL,cnec,47,-0.330310,-0.796405,-4.609414,66.666667,288
DE_LU-FR,cnec,48,0.456290,0.616913,33.232249,88.194444,288
DE_LU-PL,cnec,48,0.456290,0.616913,-13.497690,86.458333,288
DE_LU-CZ,cnec,48,0.456290,0.616913,-9.260008,88.888889,288
DE_LU-NL,cnec,48,0.456290,0.616913,3.527390,81.944444,288
DE_LU-BE,cnec,48,0.456290,0.616913,5.398648,87.152778,288
DE_LU-AT,cnec,48,0.456290,0.616913,10.087912,81.597222,288
DE_LU-CH,cnec,48,0.456290,0.616913,14.315505,55.208333,288
FR-BE,cnec,48,0.456290,0.616913,-27.833602,88.194444,288
FR-CH,cnec,48,0.456290,0.616913,-18.916744,47.222222,288
NL-BE,cnec,48,0.456290,0.616913,1.871258,86.458333,288
AT-CH,cnec,48,0.456290,0.616913,4.227593,53.472222,288
AT-CZ,cnec,48,0.456290,0.616913,-19.347920,88.541667,288
CZ-PL,cnec,48,0.456290,0.616913,-4.237682,71.527778,288
DE_LU-FR,cnec,49,1.459019,0.692542,36.350370,88.541667,288
DE_LU-PL,cnec,49,1.459019,0.692542,-11.731124,90.625000,288
DE_LU-CZ,cnec,49,1.459019,0.692542,-8.448952,90.277778,288
DE_LU-NL,cnec,49,1.459019,0.692542,2.348940,78.819444,288
DE_LU-BE,cnec,49,1.459019,0.692542,3.554619,87.152778,288
DE_LU-AT,cnec,49,1.459019,0.692542,11.293481,82.291667,288
DE_LU-CH,cnec,49,1.459019,0.692542,16.093936,54.513889,288
FR-BE,cnec,49,1.459019,0.692542,-32.795751,88.888889,288
FR-CH,cnec,49,1.459019,0.692542,-20.256434,46.527778,288
NL-BE,cnec,49,1.459019,0.692542,1.205679,86.111111,288
AT-CH,cnec,49,1.459019,0.692542,4.800455,56.250000,288
AT-CZ,cnec,49,1.459019,0.692542,-19.742433,91.319444,288
CZ-PL,cnec,49,1.459019,0.692542,-3.282172,72.916667,288
DE_LU-FR,cnec,50,0.022777,0.131268,30.651565,87.847222,288
DE_LU-PL,cnec,50,0.022777,0.131268,-13.996068,85.416667,288
DE_LU-CZ,cnec,50,0.022777,0.131268,-9.448159,86.111111,288
DE_LU-NL,cnec,50,0.022777,0.131268,3.716907,82.291667,288
DE_LU-BE,cnec,50,0.022777,0.131268,5.702797,88.541667,288
DE_LU-AT,cnec,50,0.022777,0.131268,9.392746,79.166667,288
DE_LU-CH,cnec,50,0.022777,0.131268,13.106836,54.513889,288
FR-BE,cnec,50,0.022777,0.131268,-24.948767,89.583333,288
FR-CH,cnec,50,0.022777,0.131268,-17.544728,47.916667,288
NL-BE,cnec,50,0.022777,0.131268,1.985891,86.458333,288
AT-CH,cnec,50,0.022777,0.131268,3.714090,51.736111,288
AT-CZ,cnec,50,0.022777,0.131268,-18.840905,88.541667,288
CZ-PL,cnec,50,0.022777,0.131268,-4.547909,69.444444,288
DE_LU-FR,cnec,51,1.334060,1.687591,39.126158,88.888889,288
DE_LU-PL,cnec,51,1.334060,1.687591,-13.073068,91.319444,288
DE_LU-CZ,cnec,51,1.334060,1.687591,-9.249798,90.972222,288
DE_LU-NL,cnec,51,1.334060,1.687591,3.295559,81.250000,288
DE_LU-BE,cnec,51,1.334060,1.687591,5.256179,88.194444,288
DE_LU-AT,cnec,51,1.334060,1.687591,11.595635,80.555556,288
DE_LU-CH,cnec,51,1.334060,1.687591,17.062381,54.513889,288
FR-BE,cnec,51,1.334060,1.687591,-33.869978,88.888889,288
FR-CH,cnec,51,1.334060,1.687591,-22.063777,47.222222,288
NL-BE,cnec,51,1.334060,1.687591,1.960621,86.805556,288
AT-CH,cnec,51,1.334060,1.687591,5.466745,53.819444,288
AT-CZ,cnec,51,1.334060,1.687591,-20.845433,93.402778,288
CZ-PL,cnec,51,1.334060,1.687591,-3.823270,73.611111,288
DE_LU-FR,cnec,52,-0.479891,0.459232,30.624400,87.152778,288
DE_LU-PL,cnec,52,-0.479891,0.459232,-16.287434,88.541667,288
DE_LU-CZ,cnec,52,-0.479891,0.459232,-10.431450,86.458333,288
DE_LU-NL,cnec,52,-0.479891,0.459232,4.508441,83.680556,288
DE_LU-BE,cnec,52,-0.479891,0.459232,7.302993,87.847222,288
DE_LU-AT,cnec,52,-0.479891,0.459232,9.288076,77.430556,288
DE_LU-CH,cnec,52,-0.479891,0.459232,13.095289,52.777778,288
FR-BE,cnec,52,-0.479891,0.459232,-23.321407,87.847222,288
FR-CH,cnec,52,-0.479891,0.459232,-17.529111,48.263889,288
NL-BE,cnec,52,-0.479891,0.459232,2.794552,87.847222,288
AT-CH,cnec,52,-0.479891,0.459232,3.807212,51.736111,288
AT-CZ,cnec,52,-0.479891,0.459232,-19.719526,89.236111,288
CZ-PL,cnec,52,-0.479891,0.459232,-5.855984,72.916667,288
DE_LU-FR,cnec,53,-0.201312,0.690235,31.967725,86.805556,288
DE_LU-PL,cnec,53,-0.201312,0.690235,-15.736419,88.194444,288
DE_LU-CZ,cnec,53,-0.201312,0.690235,-10.255712,85.416667,288
DE_LU-NL,cnec,53,-0.201312,0.690235,4.399939,84.722222,288
DE_LU-BE,cnec,53,-0.201312,0.690235,7.133634,89.236111,288
DE_LU-AT,cnec,53,-0.201312,0.690235,9.658385,76.736111,288
DE_LU-CH,cnec,53,-0.201312,0.690235,13.569922,52.430556,288
FR-BE,cnec,53,-0.201312,0.690235,-24.834092,88.888889,288
FR-CH,cnec,53,-0.201312,0.690235,-18.397803,48.263889,288
NL-BE,cnec,53,-0.201312,0.690235,2.733695,87.500000,288
AT-CH,cnec,53,-0.201312,0.690235,3.911537,51.388889,288
AT-CZ,cnec,53,-0.201312,0.690235,-19.914097,89.236111,288
CZ-PL,cnec,53,-0.201312,0.690235,-5.480707,71.180556,288
DE_LU-FR,cnec,54,-0.206654,-0.474738,28.206069,87.847222,288
DE_LU-PL,cnec,54,-0.206654,-0.474738,-13.843274,86.458333,288
DE_LU-CZ,cnec,54,-0.206654,-0.474738,-9.246034,84.722222,288
DE_LU-NL,cnec,54,-0.206654,-0.474738,3.506999,82.291667,288
DE_LU-BE,cnec,54,-0.206654,-0.474738,5.212830,87.847222,288
DE_LU-AT,cnec,54,-0.206654,-0.474738,8.742509,78.819444,288
DE_LU-CH,cnec,54,-0.206654,-0.474738,12.073260,54.513889,288
FR-BE,cnec,54,-0.206654,-0.474738,-22.993239,88.541667,288
FR-CH,cnec,54,-0.206654,-0.474738,-16.132809,48.263889,288
NL-BE,cnec,54,-0.206654,-0.474738,1.705831,86.458333,288
AT-CH,cnec,54,-0.206654,-0.474738,3.330750,51.388889,288
AT-CZ,cnec,54,-0.206654,-0.474738,-17.988543,89.583333,288
CZ-PL,cnec,54,-0.206654,-0.474738,-4.597240,67.013889,288
DE_LU-FR,cnec,55,0.656936,-1.405683,28.164571,88.888889,288
DE_LU-PL,cnec,55,0.656936,-1.405683,-10.336633,87.847222,288
DE_LU-CZ,cnec,55,0.656936,-1.405683,-7.199819,88.541667,288
DE_LU-NL,cnec,55,0.656936,-1.405683,1.831751,80.555556,288
DE_LU-BE,cnec,55,0.656936,-1.405683,2.344490,87.152778,288
DE_LU-AT,cnec,55,0.656936,-1.405683,9.408332,81.597222,288
DE_LU-CH,cnec,55,0.656936,-1.405683,12.453660,54.166667,288
FR-BE,cnec,55,0.656936,-1.405683,-25.820081,88.541667,288
FR-CH,cnec,55,0.656936,-1.405683,-15.710911,46.875000,288
NL-BE,cnec,55,0.656936,-1.405683,0.512739,86.458333,288
AT-CH,cnec,55,0.656936,-1.405683,3.045328,55.208333,288
AT-CZ,cnec,55,0.656936,-1.405683,-16.608151,87.152778,288
CZ-PL,cnec,55,0.656936,-1.405683,-3.136815,68.055556,288
DE_LU-FR,cnec,56,0.102862,-1.652424,25.732160,88.888889,288
DE_LU-PL,cnec,56,0.102862,-1.652424,-11.100005,88.194444,288
DE_LU-CZ,cnec,56,0.102862,-1.652424,-7.499753,88.541667,288
DE_LU-NL,cnec,56,0.102862,-1.652424,2.268947,80.555556,288
DE_LU-BE,cnec,56,0.102862,-1.652424,3.069844,84.375000,288
DE_LU-AT,cnec,56,0.102862,-1.652424,8.660937,80.555556,288
DE_LU-CH,cnec,56,0.102862,-1.652424,11.365122,55.208333,288
FR-BE,cnec,56,0.102862,-1.652424,-22.662316,88.888889,288
FR-CH,cnec,56,0.102862,-1.652424,-14.367037,47.222222,288
NL-BE,cnec,56,0.102862,-1.652424,0.800897,85.763889,288
AT-CH,cnec,56,0.102862,-1.652424,2.704185,53.472222,288
AT-CZ,cnec,56,0.102862,-1.652424,-16.160690,89.583333,288
CZ-PL,cnec,56,0.102862,-1.652424,-3.600252,68.402778,288
DE_LU-FR,cnec,57,-0.935771,-0.427069,26.953668,87.500000,288
DE_LU-PL,cnec,57,-0.935771,-0.427069,-16.230598,89.583333,288
DE_LU-CZ,cnec,57,-0.935771,-0.427069,-10.213010,87.500000,288
DE_LU-NL,cnec,57,-0.935771,-0.427069,4.371198,84.027778,288
DE_LU-BE,cnec,57,-0.935771,-0.427069,6.872027,88.541667,288
DE_LU-AT,cnec,57,-0.935771,-0.427069,8.369363,76.041667,288
DE_LU-CH,cnec,57,-0.935771,-0.427069,11.608870,51.736111,288
FR-BE,cnec,57,-0.935771,-0.427069,-20.081641,89.236111,288
FR-CH,cnec,57,-0.935771,-0.427069,-15.344797,49.305556,288
NL-BE,cnec,57,-0.935771,-0.427069,2.500829,87.847222,288
AT-CH,cnec,57,-0.935771,-0.427069,3.239507,51.041667,288
AT-CZ,cnec,57,-0.935771,-0.427069,-18.582373,89.930556,288
CZ-PL,cnec,57,-0.935771,-0.427069,-6.017588,71.527778,288
DE_LU-FR,cnec,58,-0.684515,-0.987008,25.577743,86.805556,288
DE_LU-PL,cnec,58,-0.684515,-0.987008,-14.364085,87.500000,288
DE_LU-CZ,cnec,58,-0.684515,-0.987008,-9.319975,85.069444,288
DE_LU-NL,cnec,58,-0.684515,-0.987008,3.717620,83.680556,288
DE_LU-BE,cnec,58,-0.684515,-0.987008,5.624410,88.541667,288
DE_LU-AT,cnec,58,-0.684515,-0.987008,8.084226,76.388889,288
DE_LU-CH,cnec,58,-0.684515,-0.987008,11.003238,52.083333,288
FR-BE,cnec,58,-0.684515,-0.987008,-19.953333,88.541667,288
FR-CH,cnec,58,-0.684515,-0.987008,-14.574506,48.263889,288
NL-BE,cnec,58,-0.684515,-0.987008,1.906790,87.500000,288
AT-CH,cnec,58,-0.684515,-0.987008,2.919012,51.041667,288
AT-CZ,cnec,58,-0.684515,-0.987008,-17.404201,89.930556,288
CZ-PL,cnec,58,-0.684515,-0.987008,-5.044110,70.486111,288
DE_LU-FR,cnec,59,-0.549305,0.367226,30.219106,87.152778,288
DE_LU-PL,cnec,59,-0.549305,0.367226,-16.339945,88.194444,288
DE_LU-CZ,cnec,59,-0.549305,0.367226,-10.432362,86.458333,288
DE_LU-NL,cnec,59,-0.549305,0.367226,4.523347,84.027778,288
DE_LU-BE,cnec,59,-0.549305,0.367226,7.315508,87.847222,288
DE_LU-AT,cnec,59,-0.549305,0.367226,9.167821,77.083333,288
DE_LU-CH,cnec,59,-0.549305,0.367226,12.926187,52.777778,288
FR-BE,cnec,59,-0.549305,0.367226,-22.903598,87.847222,288
FR-CH,cnec,59,-0.549305,0.367226,-17.292918,48.263889,288
NL-BE,cnec,59,-0.549305,0.367226,2.792160,87.847222,288
AT-CH,cnec,59,-0.549305,0.367226,3.758367,51.388889,288
AT-CZ,cnec,59,-0.549305,0.367226,-19.600183,89.583333,288
CZ-PL,cnec,59,-0.549305,0.367226,-5.907582,73.263889,288
DE_LU-FR,cnec,60,-0.619270,0.740180,31.455140,87.847222,288
DE_LU-PL,cnec,60,-0.619270,0.740180,-17.253738,88.888889,288
DE_LU-CZ,cnec,60,-0.619270,0.740180,-10.911188,89.236111,288
DE_LU-NL,cnec,60,-0.619270,0.740180,4.835441,84.027778,288
DE_LU-BE,cnec,60,-0.619270,0.740180,8.006522,88.888889,288
DE_LU-AT,cnec,60,-0.619270,0.740180,9.485275,76.041667,288
DE_LU-CH,cnec,60,-0.619270,0.740180,13.442307,51.736111,288
FR-BE,cnec,60,-0.619270,0.740180,-23.448618,88.888889,288
FR-CH,cnec,60,-0.619270,0.740180,-18.012833,49.305556,288
NL-BE,cnec,60,-0.619270,0.740180,3.171081,87.500000,288
AT-CH,cnec,60,-0.619270,0.740180,3.957033,51.041667,288
AT-CZ,cnec,60,-0.619270,0.740180,-20.396463,90.972222,288
CZ-PL,cnec,60,-0.619270,0.740180,-6.342550,72.569444,288
DE_LU-FR,cnec,61,-0.379534,1.170664,33.248477,87.847222,288
DE_LU-PL,cnec,61,-0.379534,1.170664,-17.201273,88.194444,288
DE_LU-CZ,cnec,61,-0.379534,1.170664,-10.968003,87.152778,288
DE_LU-NL,cnec,61,-0.379534,1.170664,4.918492,85.069444,288
DE_LU-BE,cnec,61,-0.379534,1.170664,8.230142,89.236111,288
DE_LU-AT,cnec,61,-0.379534,1.170664,9.850002,77.083333,288
DE_LU-CH,cnec,61,-0.379534,1.170664,14.143508,52.777778,288
FR-BE,cnec,61,-0.379534,1.170664,-25.018335,88.194444,288
FR-CH,cnec,61,-0.379534,1.170664,-19.104969,48.958333,288
NL-BE,cnec,61,-0.379534,1.170664,3.311650,88.541667,288
AT-CH,cnec,61,-0.379534,1.170664,4.293507,51.388889,288
AT-CZ,cnec,61,-0.379534,1.170664,-20.818004,90.625000,288
CZ-PL,cnec,61,-0.379534,1.170664,-6.233270,74.652778,288
DE_LU-FR,cnec,62,1.765113,-0.386586,34.326434,88.194444,288
DE_LU-PL,cnec,62,1.765113,-0.386586,-9.696859,90.625000,288
DE_LU-CZ,cnec,62,1.765113,-0.386586,-7.363628,90.625000,288
DE_LU-NL,cnec,62,1.765113,-0.386586,0.989733,80.902778,288
DE_LU-BE,cnec,62,1.765113,-0.386586,1.189274,88.541667,288
DE_LU-AT,cnec,62,1.765113,-0.386586,10.945673,81.944444,288
DE_LU-CH,cnec,62,1.765113,-0.386586,15.566432,55.555556,288
FR-BE,cnec,62,1.765113,-0.386586,-33.137160,89.583333,288
FR-CH,cnec,62,1.765113,-0.386586,-18.760003,45.833333,288
NL-BE,cnec,62,1.765113,-0.386586,0.199541,85.416667,288
AT-CH,cnec,62,1.765113,-0.386586,4.620759,54.166667,288
AT-CZ,cnec,62,1.765113,-0.386586,-18.309300,91.666667,288
CZ-PL,cnec,62,1.765113,-0.386586,-2.333231,75.347222,288
DE_LU-FR,cnec,63,0.221338,0.147888,31.163115,87.500000,288
DE_LU-PL,cnec,63,0.221338,0.147888,-13.414881,85.069444,288
DE_LU-CZ,cnec,63,0.221338,0.147888,-9.148372,86.458333,288
DE_LU-NL,cnec,63,0.221338,0.147888,3.469248,80.902778,288
DE_LU-BE,cnec,63,0.221338,0.147888,5.242489,86.458333,288
DE_LU-AT,cnec,63,0.221338,0.147888,9.568525,80.208333,288
DE_LU-CH,cnec,63,0.221338,0.147888,13.401184,54.166667,288
FR-BE,cnec,63,0.221338,0.147888,-25.920626,88.194444,288
FR-CH,cnec,63,0.221338,0.147888,-17.761931,47.569444,288
NL-BE,cnec,63,0.221338,0.147888,1.773241,86.111111,288
AT-CH,cnec,63,0.221338,0.147888,3.832659,52.777778,288
AT-CZ,cnec,63,0.221338,0.147888,-18.716896,87.847222,288
CZ-PL,cnec,63,0.221338,0.147888,-4.266509,69.097222,288
DE_LU-FR,cnec,64,-1.176453,-1.301087,23.819553,87.152778,288
DE_LU-PL,cnec,64,-1.176453,-1.301087,-15.289391,88.194444,288
DE_LU-CZ,cnec,64,-1.176453,-1.301087,-9.619685,86.111111,288
DE_LU-NL,cnec,64,-1.176453,-1.301087,4.041527,82.291667,288
DE_LU-BE,cnec,64,-1.176453,-1.301087,6.132144,88.194444,288
DE_LU-AT,cnec,64,-1.176453,-1.301087,7.733559,75.694444,288
DE_LU-CH,cnec,64,-1.176453,-1.301087,10.431426,51.736111,288
FR-BE,cnec,64,-1.176453,-1.301087,-17.687408,88.194444,288
FR-CH,cnec,64,-1.176453,-1.301087,-13.388126,49.305556,288
NL-BE,cnec,64,-1.176453,-1.301087,2.090617,87.500000,288
AT-CH,cnec,64,-1.176453,-1.301087,2.697867,50.694444,288
AT-CZ,cnec,64,-1.176453,-1.301087,-17.353244,89.236111,288
CZ-PL,cnec,64,-1.176453,-1.301087,-5.669706,71.180556,288
DE_LU-FR,cnec,65,-1.073413,-0.395793,26.903397,87.847222,288
DE_LU-PL,cnec,65,-1.073413,-0.395793,-16.641846,88.194444,288
DE_LU-CZ,cnec,65,-1.073413,-0.395793,-10.390066,87.847222,288
DE_LU-NL,cnec,65,-1.073413,-0.395793,4.463650,85.069444,288
DE_LU-BE,cnec,65,-1.073413,-0.395793,7.050132,89.583333,288
DE_LU-AT,cnec,65,-1.073413,-0.395793,8.487546,75.347222,288
DE_LU-CH,cnec,65,-1.073413,-0.395793,11.659915,51.388889,288
FR-BE,cnec,65,-1.073413,-0.395793,-19.853265,89.930556,288
FR-CH,cnec,65,-1.073413,-0.395793,-15.243482,49.652778,288
NL-BE,cnec,65,-1.073413,-0.395793,2.586482,88.194444,288
AT-CH,cnec,65,-1.073413,-0.395793,3.172369,50.347222,288
AT-CZ,cnec,65,-1.073413,-0.395793,-18.877612,90.625000,288
CZ-PL,cnec,65,-1.073413,-0.395793,-6.251780,72.916667,288
DE_LU-FR,cnec,66,0.710821,-0.130352,31.994856,88.888889,288
DE_LU-PL,cnec,66,0.710821,-0.130352,-11.793937,90.277778,288
DE_LU-CZ,cnec,66,0.710821,-0.130352,-8.152336,88.888889,288
DE_LU-NL,cnec,66,0.710821,-0.130352,2.674252,80.555556,288
DE_LU-BE,cnec,66,0.710821,-0.130352,3.894733,86.805556,288
DE_LU-AT,cnec,66,0.710821,-0.130352,10.031404,80.555556,288
DE_LU-CH,cnec,66,0.710821,-0.130352,13.909722,54.513889,288
FR-BE,cnec,66,0.710821,-0.130352,-28.100123,88.888889,288
FR-CH,cnec,66,0.710821,-0.130352,-18.085135,47.222222,288
NL-BE,cnec,66,0.710821,-0.130352,1.220482,86.458333,288
AT-CH,cnec,66,0.710821,-0.130352,3.878318,53.472222,288
AT-CZ,cnec,66,0.710821,-0.130352,-18.183740,92.708333,288
CZ-PL,cnec,66,0.710821,-0.130352,-3.641601,69.791667,288
DE_LU-FR,cnec,67,0.158731,-0.540829,28.912975,88.194444,288
DE_LU-PL,cnec,67,0.158731,-0.540829,-12.525141,85.763889,288
DE_LU-CZ,cnec,67,0.158731,-0.540829,-8.521354,89.236111,288
DE_LU-NL,cnec,67,0.158731,-0.540829,2.967356,81.944444,288
DE_LU-BE,cnec,67,0.158731,-0.540829,4.249680,86.805556,288
DE_LU-AT,cnec,67,0.158731,-0.540829,9.137619,80.555556,288
DE_LU-CH,cnec,67,0.158731,-0.540829,12.507698,54.861111,288
FR-BE,cnec,67,0.158731,-0.540829,-24.663295,88.541667,288
FR-CH,cnec,67,0.158731,-0.540829,-16.405277,46.875000,288
NL-BE,cnec,67,0.158731,-0.540829,1.282324,86.805556,288
AT-CH,cnec,67,0.158731,-0.540829,3.370079,52.777778,288
AT-CZ,cnec,67,0.158731,-0.540829,-17.658973,89.930556,288
CZ-PL,cnec,67,0.158731,-0.540829,-4.003787,67.361111,288
DE_LU-FR,cnec,68,1.743400,-0.645626,33.570802,87.847222,288
DE_LU-PL,cnec,68,1.743400,-0.645626,-9.380169,90.625000,288
DE_LU-CZ,cnec,68,1.743400,-0.645626,-7.186173,89.930556,288
DE_LU-NL,cnec,68,1.743400,-0.645626,0.814992,80.902778,288
DE_LU-BE,cnec,68,1.743400,-0.645626,0.898409,88.888889,288
DE_LU-AT,cnec,68,1.743400,-0.645626,10.755472,81.597222,288
DE_LU-CH,cnec,68,1.743400,-0.645626,15.282828,55.555556,288
FR-BE,cnec,68,1.743400,-0.645626,-32.672393,89.583333,288
FR-CH,cnec,68,1.743400,-0.645626,-18.287974,45.486111,288
NL-BE,cnec,68,1.743400,-0.645626,0.083417,85.416667,288
AT-CH,cnec,68,1.743400,-0.645626,4.527355,54.166667,288
AT-CZ,cnec,68,1.743400,-0.645626,-17.941645,92.013889,288
CZ-PL,cnec,68,1.743400,-0.645626,-2.193996,75.347222,288
DE_LU-FR,cnec,69,-0.869565,-2.062660,22.023446,86.805556,288
DE_LU-PL,cnec,69,-0.869565,-2.062660,-12.966404,85.069444,288
DE_LU-CZ,cnec,69,-0.869565,-2.062660,-8.442402,82.986111,288
DE_LU-NL,cnec,69,-0.869565,-2.062660,3.262065,82.291667,288
DE_LU-BE,cnec,69,-0.869565,-2.062660,4.739785,88.194444,288
DE_LU-AT,cnec,69,-0.869565,-2.062660,7.347345,76.736111,288
DE_LU-CH,cnec,69,-0.869565,-2.062660,9.606240,52.430556,288
FR-BE,cnec,69,-0.869565,-2.062660,-17.283661,88.541667,288
FR-CH,cnec,69,-0.869565,-2.062660,-12.417206,48.263889,288
NL-BE,cnec,69,-0.869565,-2.062660,1.477720,86.111111,288
AT-CH,cnec,69,-0.869565,-2.062660,2.258895,51.041667,288
AT-CZ,cnec,69,-0.869565,-2.062660,-15.789747,88.541667,288
CZ-PL,cnec,69,-0.869565,-2.062660,-4.524003,66.319444,288
DE_LU-FR,cnec,70,-0.411622,1.072182,32.861342,87.500000,288
DE_LU-PL,cnec,70,-0.411622,1.072182,-17.137900,88.541667,288
DE_LU-CZ,cnec,70,-0.411622,1.072182,-10.920915,87.152778,288
DE_LU-NL,cnec,70,-0.411622,1.072182,4.879641,85.069444,288
DE_LU-BE,cnec,70,-0.411622,1.072182,8.142260,89.236111,288
DE_LU-AT,cnec,70,-0.411622,1.072182,9.758775,77.083333,288
DE_LU-CH,cnec,70,-0.411622,1.072182,13.987430,52.430556,288
FR-BE,cnec,70,-0.411622,1.072182,-24.719082,88.194444,288
FR-CH,cnec,70,-0.411622,1.072182,-18.873911,48.958333,288
NL-BE,cnec,70,-0.411622,1.072182,3.262619,88.888889,288
AT-CH,cnec,70,-0.411622,1.072182,4.228655,51.736111,288
AT-CZ,cnec,70,-0.411622,1.072182,-20.679691,90.625000,288
CZ-PL,cnec,70,-0.411622,1.072182,-6.216985,73.958333,288
DE_LU-FR,cnec,71,0.845476,-0.161735,32.246564,88.888889,288
DE_LU-PL,cnec,71,0.845476,-0.161735,-11.543327,90.277778,288
DE_LU-CZ,cnec,71,0.845476,-0.161735,-8.051905,88.541667,288
DE_LU-NL,cnec,71,0.845476,-0.161735,2.499651,79.861111,288
DE_LU-BE,cnec,71,0.845476,-0.161735,3.552426,87.152778,288
DE_LU-AT,cnec,71,0.845476,-0.161735,10.087778,80.208333,288
DE_LU-CH,cnec,71,0.845476,-0.161735,14.058587,53.819444,288
FR-BE,cnec,71,0.845476,-0.161735,-28.694138,88.888889,288
FR-CH,cnec,71,0.845476,-0.161735,-18.187977,47.222222,288
NL-BE,cnec,71,0.845476,-0.161735,1.052775,86.458333,288
AT-CH,cnec,71,0.845476,-0.161735,3.970809,54.166667,288
AT-CZ,cnec,71,0.845476,-0.161735,-18.139683,90.625000,288
CZ-PL,cnec,71,0.845476,-0.161735,-3.491422,69.097222,288
DE_LU-FR,cnec,72,0.886412,-0.474531,31.472501,88.888889,288
DE_LU-PL,cnec,72,0.886412,-0.474531,-11.119677,89.583333,288
DE_LU-CZ,cnec,72,0.886412,-0.474531,-7.801187,89.236111,288
DE_LU-NL,cnec,72,0.886412,-0.474531,2.241034,81.250000,288
DE_LU-BE,cnec,72,0.886412,-0.474531,3.055753,87.847222,288
DE_LU-AT,cnec,72,0.886412,-0.474531,9.971473,81.250000,288
DE_LU-CH,cnec,72,0.886412,-0.474531,13.796242,53.819444,288
FR-BE,cnec,72,0.886412,-0.474531,-28.416748,88.888889,288
FR-CH,cnec,72,0.886412,-0.474531,-17.676259,46.875000,288
NL-BE,cnec,72,0.886412,-0.474531,0.814719,86.111111,288
AT-CH,cnec,72,0.886412,-0.474531,3.824769,54.861111,288
AT-CZ,cnec,72,0.886412,-0.474531,-17.772660,87.847222,288
CZ-PL,cnec,72,0.886412,-0.474531,-3.318490,69.097222,288
DE_LU-FR,cnec,73,0.831909,0.472075,34.130578,88.888889,288
DE_LU-PL,cnec,73,0.831909,0.472075,-12.369923,91.666667,288
DE_LU-CZ,cnec,73,0.831909,0.472075,-8.591289,89.930556,288
DE_LU-NL,cnec,73,0.831909,0.472075,2.976659,80.902778,288
DE_LU-BE,cnec,73,0.831909,0.472075,4.495510,86.805556,288
DE_LU-AT,cnec,73,0.831909,0.472075,10.423431,80.902778,288
DE_LU-CH,cnec,73,0.831909,0.472075,14.822037,54.861111,288
FR-BE,cnec,73,0.831909,0.472075,-29.635068,88.888889,288
FR-CH,cnec,73,0.831909,0.472075,-19.308541,47.222222,288
NL-BE,cnec,73,0.831909,0.472075,1.518850,87.152778,288
AT-CH,cnec,73,0.831909,0.472075,4.398606,53.472222,288
AT-CZ,cnec,73,0.831909,0.472075,-19.014719,93.055556,288
CZ-PL,cnec,73,0.831909,0.472075,-3.778634,72.569444,288
DE_LU-FR,cnec,74,-0.505272,0.400716,30.391367,87.152778,288
DE_LU-PL,cnec,74,-0.505272,0.400716,-16.264267,88.541667,288
DE_LU-CZ,cnec,74,-0.505272,0.400716,-10.411134,86.805556,288
DE_LU-NL,cnec,74,-0.505272,0.400716,4.495786,84.027778,288
DE_LU-BE,cnec,74,-0.505272,0.400716,7.267551,88.194444,288
DE_LU-AT,cnec,74,-0.505272,0.400716,9.226315,77.083333,288
DE_LU-CH,cnec,74,-0.505272,0.400716,13.000862,52.777778,288
FR-BE,cnec,74,-0.505272,0.400716,-23.123816,88.194444,288
FR-CH,cnec,74,-0.505272,0.400716,-17.390505,48.263889,288
NL-BE,cnec,74,-0.505272,0.400716,2.771765,87.847222,288
AT-CH,cnec,74,-0.505272,0.400716,3.774547,51.388889,288
AT-CZ,cnec,74,-0.505272,0.400716,-19.637449,89.236111,288
CZ-PL,cnec,74,-0.505272,0.400716,-5.853133,72.569444,288
DE_LU-FR,cnec,75,0.268495,-1.395969,27.016902,88.888889,288
DE_LU-PL,cnec,75,0.268495,-1.395969,-10.950168,88.888889,288
DE_LU-CZ,cnec,75,0.268495,-1.395969,-7.472100,89.930556,288
DE_LU-NL,cnec,75,0.268495,-1.395969,2.263946,80.208333,288
DE_LU-BE,cnec,75,0.268495,-1.395969,3.090469,85.416667,288
DE_LU-AT,cnec,75,0.268495,-1.395969,8.961426,80.555556,288
DE_LU-CH,cnec,75,0.268495,-1.395969,11.820291,54.513889,288
FR-BE,cnec,75,0.268495,-1.395969,-23.926433,88.541667,288
FR-CH,cnec,75,0.268495,-1.395969,-15.196610,47.222222,288
NL-BE,cnec,75,0.268495,-1.395969,0.826523,86.111111,288
AT-CH,cnec,75,0.268495,-1.395969,2.858866,53.819444,288
AT-CZ,cnec,75,0.268495,-1.395969,-16.433525,89.930556,288
CZ-PL,cnec,75,0.268495,-1.395969,-3.478068,68.055556,288
DE_LU-FR,cnec,76,0.518162,0.850921,34.113329,87.847222,288
DE_LU-PL,cnec,76,0.518162,0.850921,-13.692719,87.500000,288
DE_LU-CZ,cnec,76,0.518162,0.850921,-9.415477,88.541667,288
DE_LU-NL,cnec,76,0.518162,0.850921,3.636949,81.944444,288
DE_LU-BE,cnec,76,0.518162,0.850921,5.651092,87.152778,288
DE_LU-AT,cnec,76,0.518162,0.850921,10.274156,81.944444,288
DE_LU-CH,cnec,76,0.518162,0.850921,14.699495,55.555556,288
FR-BE,cnec,76,0.518162,0.850921,-28.462237,88.194444,288
FR-CH,cnec,76,0.518162,0.850921,-19.413833,46.875000,288
NL-BE,cnec,76,0.518162,0.850921,2.014143,86.458333,288
AT-CH,cnec,76,0.518162,0.850921,4.425339,53.819444,288
AT-CZ,cnec,76,0.518162,0.850921,-19.689633,88.194444,288
CZ-PL,cnec,76,0.518162,0.850921,-4.277242,72.222222,288
DE_LU-FR,cnec,77,0.622872,-1.814944,26.937679,88.888889,288
DE_LU-PL,cnec,77,0.622872,-1.814944,-9.881890,88.194444,288
DE_LU-CZ,cnec,77,0.622872,-1.814944,-6.929634,87.500000,288
DE_LU-NL,cnec,77,0.622872,-1.814944,1.570701,78.472222,288
DE_LU-BE,cnec,77,0.622872,-1.814944,1.955882,87.500000,288
DE_LU-AT,cnec,77,0.622872,-1.814944,9.213333,81.250000,288
DE_LU-CH,cnec,77,0.622872,-1.814944,12.035500,54.166667,288
FR-BE,cnec,77,0.622872,-1.814944,-24.981797,88.541667,288
FR-CH,cnec,77,0.622872,-1.814944,-14.902179,46.875000,288
NL-BE,cnec,77,0.622872,-1.814944,0.385181,85.416667,288
AT-CH,cnec,77,0.622872,-1.814944,2.822167,55.208333,288
AT-CZ,cnec,77,0.622872,-1.814944,-16.142967,87.152778,288
CZ-PL,cnec,77,0.622872,-1.814944,-2.952256,69.097222,288
DE_LU-FR,cnec,78,0.700726,0.009768,32.390563,88.888889,288
DE_LU-PL,cnec,78,0.700726,0.009768,-12.001749,91.666667,288
DE_LU-CZ,cnec,78,0.700726,0.009768,-8.293599,89.930556,288
DE_LU-NL,cnec,78,0.700726,0.009768,2.781087,80.902778,288
DE_LU-BE,cnec,78,0.700726,0.009768,4.094522,85.763889,288
DE_LU-AT,cnec,78,0.700726,0.009768,10.083270,80.555556,288
DE_LU-CH,cnec,78,0.700726,0.009768,14.058041,54.513889,288
FR-BE,cnec,78,0.700726,0.009768,-28.296041,88.888889,288
FR-CH,cnec,78,0.700726,0.009768,-18.332522,47.222222,288
NL-BE,cnec,78,0.700726,0.009768,1.313435,87.152778,288
AT-CH,cnec,78,0.700726,0.009768,3.974772,53.472222,288
AT-CZ,cnec,78,0.700726,0.009768,-18.376869,93.055556,288
CZ-PL,cnec,78,0.700726,0.009768,-3.708150,71.180556,288
DE_LU-FR,cnec,79,-1.779104,-0.870308,24.382231,88.541667,288
DE_LU-PL,cnec,79,-1.779104,-0.870308,-17.732095,88.194444,288
DE_LU-CZ,cnec,79,-1.779104,-0.870308,-10.497559,85.763889,288
DE_LU-NL,cnec,79,-1.779104,-0.870308,4.719968,84.722222,288
DE_LU-BE,cnec,79,-1.779104,-0.870308,7.111310,90.277778,288
DE_LU-AT,cnec,79,-1.779104,-0.870308,8.269820,74.652778,288
DE_LU-CH,cnec,79,-1.779104,-0.870308,11.067078,50.694444,288
FR-BE,cnec,79,-1.779104,-0.870308,-17.270921,89.930556,288
FR-CH,cnec,79,-1.779104,-0.870308,-13.315153,51.388889,288
NL-BE,cnec,79,-1.779104,-0.870308,2.391343,88.541667,288
AT-CH,cnec,79,-1.779104,-0.870308,2.797258,51.388889,288
AT-CZ,cnec,79,-1.779104,-0.870308,-18.767379,89.583333,288
CZ-PL,cnec,79,-1.779104,-0.870308,-7.234536,75.000000,288
DE_LU-FR,cnec,80,0.069709,2.186651,37.537470,87.500000,288
DE_LU-PL,cnec,80,0.069709,2.186651,-17.290846,88.541667,288
DE_LU-CZ,cnec,80,0.069709,2.186651,-11.241371,87.152778,288
DE_LU-NL,cnec,80,0.069709,2.186651,5.262487,83.333333,288
DE_LU-BE,cnec,80,0.069709,2.186651,8.972334,89.583333,288
DE_LU-AT,cnec,80,0.069709,2.186651,10.868883,77.777778,288
DE_LU-CH,cnec,80,0.069709,2.186651,15.832208,52.777778,288
FR-BE,cnec,80,0.069709,2.186651,-28.565136,89.583333,288
FR-CH,cnec,80,0.069709,2.186651,-21.705262,48.611111,288
NL-BE,cnec,80,0.069709,2.186651,3.709847,89.236111,288
AT-CH,cnec,80,0.069709,2.186651,4.963325,52.083333,288
AT-CZ,cnec,80,0.069709,2.186651,-22.110255,90.625000,288
CZ-PL,cnec,80,0.069709,2.186651,-6.049475,76.041667,288
DE_LU-FR,cnec,81,-0.981155,0.356665,29.604605,88.194444,288
DE_LU-PL,cnec,81,-0.981155,0.356665,-17.663608,89.236111,288
DE_LU-CZ,cnec,81,-0.981155,0.356665,-10.981344,87.847222,288
DE_LU-NL,cnec,81,-0.981155,0.356665,4.872775,85.069444,288
DE_LU-BE,cnec,81,-0.981155,0.356665,7.936111,89.930556,288
DE_LU-AT,cnec,81,-0.981155,0.356665,9.207054,75.347222,288
DE_LU-CH,cnec,81,-0.981155,0.356665,12.785254,51.041667,288
FR-BE,cnec,81,-0.981155,0.356665,-21.668494,89.930556,288
FR-CH,cnec,81,-0.981155,0.356665,-16.819351,50.000000,288
NL-BE,cnec,81,-0.981155,0.356665,3.063336,88.888889,288
AT-CH,cnec,81,-0.981155,0.356665,3.578200,51.041667,288
AT-CZ,cnec,81,-0.981155,0.356665,-20.188398,90.972222,288
CZ-PL,cnec,81,-0.981155,0.356665,-6.682264,74.305556,288
DE_LU-FR,cnec,82,0.389930,-0.122366,30.936116,88.541667,288
DE_LU-PL,cnec,82,0.389930,-0.122366,-12.525634,88.194444,288
DE_LU-CZ,cnec,82,0.389930,-0.122366,-8.573399,91.319444,288
DE_LU-NL,cnec,82,0.389930,-0.122366,3.032962,82.291667,288
DE_LU-BE,cnec,82,0.389930,-0.122366,4.468009,87.847222,288
DE_LU-AT,cnec,82,0.389930,-0.122366,9.639917,81.597222,288
DE_LU-CH,cnec,82,0.389930,-0.122366,13.387969,55.208333,288
FR-BE,cnec,82,0.389930,-0.122366,-26.468107,88.541667,288
FR-CH,cnec,82,0.389930,-0.122366,-17.548148,47.222222,288
NL-BE,cnec,82,0.389930,-0.122366,1.435047,87.152778,288
AT-CH,cnec,82,0.389930,-0.122366,3.748051,53.472222,288
AT-CZ,cnec,82,0.389930,-0.122366,-18.213317,91.666667,288
CZ-PL,cnec,82,0.389930,-0.122366,-3.952234,70.138889,288
DE_LU-FR,cnec,83,1.903815,1.436139,39.793137,88.194444,288
DE_LU-PL,cnec,83,1.903815,1.436139,-11.905907,90.625000,288
DE_LU-CZ,cnec,83,1.903815,1.436139,-8.634911,91.319444,288
DE_LU-NL,cnec,83,1.903815,1.436139,2.335474,80.902778,288
DE_LU-BE,cnec,83,1.903815,1.436139,3.688390,87.847222,288
DE_LU-AT,cnec,83,1.903815,1.436139,12.152404,82.638889,288
DE_LU-CH,cnec,83,1.903815,1.436139,17.701876,54.861111,288
FR-BE,cnec,83,1.903815,1.436139,-36.104747,88.541667,288
FR-CH,cnec,83,1.903815,1.436139,-22.091261,46.180556,288
NL-BE,cnec,83,1.903815,1.436139,1.352916,86.111111,288
AT-CH,cnec,83,1.903815,1.436139,5.549472,55.555556,288
AT-CZ,cnec,83,1.903815,1.436139,-20.787315,92.361111,288
CZ-PL,cnec,83,1.903815,1.436139,-3.270995,74.652778,288
DE_LU-FR,cnec,84,0.428374,1.298665,35.322779,87.500000,288
DE_LU-PL,cnec,84,0.428374,1.298665,-14.674465,85.416667,288
DE_LU-CZ,cnec,84,0.428374,1.298665,-9.978159,86.111111,288
DE_LU-NL,cnec,84,0.428374,1.298665,4.148502,81.944444,288
DE_LU-BE,cnec,84,0.428374,1.298665,6.748447,87.847222,288
DE_LU-AT,cnec,84,0.428374,1.298665,10.441035,79.166667,288
DE_LU-CH,cnec,84,0.428374,1.298665,15.135321,53.819444,288
FR-BE,cnec,84,0.428374,1.298665,-28.574332,88.888889,288
FR-CH,cnec,84,0.428374,1.298665,-20.187458,47.916667,288
NL-BE,cnec,84,0.428374,1.298665,2.599945,86.805556,288
AT-CH,cnec,84,0.428374,1.298665,4.694286,52.083333,288
AT-CZ,cnec,84,0.428374,1.298665,-20.419194,88.194444,288
CZ-PL,cnec,84,0.428374,1.298665,-4.696306,71.527778,288
DE_LU-FR,cnec,85,1.091892,0.361890,34.528355,88.888889,288
DE_LU-PL,cnec,85,1.091892,0.361890,-11.833603,91.319444,288
DE_LU-CZ,cnec,85,1.091892,0.361890,-8.351558,88.888889,288
DE_LU-NL,cnec,85,1.091892,0.361890,2.612964,80.555556,288
DE_LU-BE,cnec,85,1.091892,0.361890,3.833811,87.847222,288
DE_LU-AT,cnec,85,1.091892,0.361890,10.640573,80.902778,288
DE_LU-CH,cnec,85,1.091892,0.361890,15.090149,53.819444,288
FR-BE,cnec,85,1.091892,0.361890,-30.694544,88.541667,288
FR-CH,cnec,85,1.091892,0.361890,-19.438206,46.875000,288
NL-BE,cnec,85,1.091892,0.361890,1.220847,86.805556,288
AT-CH,cnec,85,1.091892,0.361890,4.449576,54.166667,288
AT-CZ,cnec,85,1.091892,0.361890,-18.992131,89.930556,288
CZ-PL,cnec,85,1.091892,0.361890,-3.482046,71.875000,288
DE_LU-FR,cnec,86,-0.424523,0.053825,29.408526,86.805556,288
DE_LU-PL,cnec,86,-0.424523,0.053825,-15.361460,87.500000,288
DE_LU-CZ,cnec,86,-0.424523,0.053825,-9.971431,85.416667,288
DE_LU-NL,cnec,86,-0.424523,0.053825,4.157346,84.027778,288
DE_LU-BE,cnec,86,-0.424523,0.053825,6.603205,89.236111,288
DE_LU-AT,cnec,86,-0.424523,0.053825,9.067261,77.083333,288
DE_LU-CH,cnec,86,-0.424523,0.053825,12.564536,52.430556,288
FR-BE,cnec,86,-0.424523,0.053825,-22.805322,88.541667,288
FR-CH,cnec,86,-0.424523,0.053825,-16.843990,48.263889,288
NL-BE,cnec,86,-0.424523,0.053825,2.445858,87.500000,288
AT-CH,cnec,86,-0.424523,0.053825,3.497275,51.736111,288
AT-CZ,cnec,86,-0.424523,0.053825,-19.038692,88.541667,288
CZ-PL,cnec,86,-0.424523,0.053825,-5.390029,71.527778,288
DE_LU-FR,cnec,87,-0.067693,-0.294762,29.061968,87.500000,288
DE_LU-PL,cnec,87,-0.067693,-0.294762,-13.684405,84.375000,288
DE_LU-CZ,cnec,87,-0.067693,-0.294762,-9.212958,85.763889,288
DE_LU-NL,cnec,87,-0.067693,-0.294762,3.472507,81.944444,288
DE_LU-BE,cnec,87,-0.067693,-0.294762,5.173619,88.888889,288
DE_LU-AT,cnec,87,-0.067693,-0.294762,8.983124,79.513889,288
DE_LU-CH,cnec,87,-0.067693,-0.294762,12.456477,54.513889,288
FR-BE,cnec,87,-0.067693,-0.294762,-23.888349,89.236111,288
FR-CH,cnec,87,-0.067693,-0.294762,-16.605491,47.916667,288
NL-BE,cnec,87,-0.067693,-0.294762,1.701111,86.458333,288
AT-CH,cnec,87,-0.067693,-0.294762,3.473354,52.083333,288
AT-CZ,cnec,87,-0.067693,-0.294762,-18.196082,88.541667,288
CZ-PL,cnec,87,-0.067693,-0.294762,-4.471447,68.055556,288
DE_LU-FR,cnec,88,1.620783,1.583100,39.377536,88.541667,288
DE_LU-PL,cnec,88,1.620783,1.583100,-12.589437,91.319444,288
DE_LU-CZ,cnec,88,1.620783,1.583100,-9.027362,91.666667,288
DE_LU-NL,cnec,88,1.620783,1.583100,2.867609,79.861111,288
DE_LU-BE,cnec,88,1.620783,1.583100,4.518320,88.194444,288
DE_LU-AT,cnec,88,1.620783,1.583100,11.886054,82.291667,288
DE_LU-CH,cnec,88,1.620783,1.583100,17.350983,54.861111,288
FR-BE,cnec,88,1.620783,1.583100,-34.859216,88.541667,288
FR-CH,cnec,88,1.620783,1.583100,-22.026552,46.527778,288
NL-BE,cnec,88,1.620783,1.583100,1.650711,85.416667,288
AT-CH,cnec,88,1.620783,1.583100,5.464930,54.861111,288
AT-CZ,cnec,88,1.620783,1.583100,-20.913415,91.319444,288
CZ-PL,cnec,88,1.620783,1.583100,-3.562076,74.305556,288
DE_LU-FR,cnec,89,0.596966,-0.709376,29.941075,88.888889,288
DE_LU-PL,cnec,89,0.596966,-0.709376,-11.244024,90.277778,288
DE_LU-CZ,cnec,89,0.596966,-0.709376,-7.750852,89.236111,288
DE_LU-NL,cnec,89,0.596966,-0.709376,2.379153,79.166667,288
DE_LU-BE,cnec,89,0.596966,-0.709376,3.335282,86.458333,288
DE_LU-AT,cnec,89,0.596966,-0.709376,9.628039,80.555556,288
DE_LU-CH,cnec,89,0.596966,-0.709376,13.053766,53.819444,288
FR-BE,cnec,89,0.596966,-0.709376,-26.605793,88.541667,288
FR-CH,cnec,89,0.596966,-0.709376,-16.887310,47.222222,288
NL-BE,cnec,89,0.596966,-0.709376,0.956129,86.805556,288
AT-CH,cnec,89,0.596966,-0.709376,3.425726,54.513889,288
AT-CZ,cnec,89,0.596966,-0.709376,-17.378891,89.236111,288
CZ-PL,cnec,89,0.596966,-0.709376,-3.493172,68.402778,288
DE_LU-FR,cnec,90,1.373417,0.551147,35.725531,88.541667,288
DE_LU-PL,cnec,90,1.373417,0.551147,-11.700960,92.013889,288
DE_LU-CZ,cnec,90,1.373417,0.551147,-8.402046,90.625000,288
DE_LU-NL,cnec,90,1.373417,0.551147,2.369533,79.861111,288
DE_LU-BE,cnec,90,1.373417,0.551147,3.539632,87.847222,288
DE_LU-AT,cnec,90,1.373417,0.551147,11.118379,81.597222,288
DE_LU-CH,cnec,90,1.373417,0.551147,15.793676,54.513889,288
FR-BE,cnec,90,1.373417,0.551147,-32.185898,88.888889,288
FR-CH,cnec,90,1.373417,0.551147,-19.931854,46.527778,288
NL-BE,cnec,90,1.373417,0.551147,1.170099,86.111111,288
AT-CH,cnec,90,1.373417,0.551147,4.675297,54.861111,288
AT-CZ,cnec,90,1.373417,0.551147,-19.520425,91.666667,288
CZ-PL,cnec,90,1.373417,0.551147,-3.298914,72.222222,288
DE_LU-FR,cnec,91,-0.910425,-0.374050,27.159615,87.500000,288
DE_LU-PL,cnec,91,-0.910425,-0.374050,-16.255644,89.583333,288
DE_LU-CZ,cnec,91,-0.910425,-0.374050,-10.236409,87.152778,288
DE_LU-NL,cnec,91,-0.910425,-0.374050,4.379915,84.027778,288
DE_LU-BE,cnec,91,-0.910425,-0.374050,6.891339,88.541667,288
DE_LU-AT,cnec,91,-0.910425,-0.374050,8.426099,76.041667,288
DE_LU-CH,cnec,91,-0.910425,-0.374050,11.694551,51.736111,288
FR-BE,cnec,91,-0.910425,-0.374050,-20.268275,89.236111,288
FR-CH,cnec,91,-0.910425,-0.374050,-15.465064,49.305556,288
NL-BE,cnec,91,-0.910425,-0.374050,2.511424,87.500000,288
AT-CH,cnec,91,-0.910425,-0.374050,3.268452,51.041667,288
AT-CZ,cnec,91,-0.910425,-0.374050,-18.662508,89.930556,288
CZ-PL,cnec,91,-0.910425,-0.374050,-6.019235,71.875000,288
DE_LU-FR,cnec,92,0.936719,2.106122,39.203375,88.541667,288
DE_LU-PL,cnec,92,0.936719,2.106122,-14.362038,89.236111,288
DE_LU-CZ,cnec,92,0.936719,2.106122,-10.016273,90.277778,288
DE_LU-NL,cnec,92,0.936719,2.106122,4.081275,81.597222,288
DE_LU-BE,cnec,92,0.936719,2.106122,6.809762,87.847222,288
DE_LU-AT,cnec,92,0.936719,2.106122,11.478104,81.250000,288
DE_LU-CH,cnec,92,0.936719,2.106122,16.954726,55.208333,288
FR-BE,cnec,92,0.936719,2.106122,-32.393613,88.541667,288
FR-CH,cnec,92,0.936719,2.106122,-22.248649,47.222222,288
NL-BE,cnec,92,0.936719,2.106122,2.728487,85.763889,288
AT-CH,cnec,92,0.936719,2.106122,5.476621,53.125000,288
AT-CZ,cnec,92,0.936719,2.106122,-21.494377,91.666667,288
CZ-PL,cnec,92,0.936719,2.106122,-4.345765,73.958333,288
DE_LU-FR,cnec,93,-0.782356,1.335692,33.215311,88.541667,288
DE_LU-PL,cnec,93,-0.782356,1.335692,-18.780246,90.277778,288
DE_LU-CZ,cnec,93,-0.782356,1.335692,-11.687620,88.888889,288
DE_LU-NL,cnec,93,-0.782356,1.335692,5.325495,84.722222,288
DE_LU-BE,cnec,93,-0.782356,1.335692,8.954903,90.277778,288
DE_LU-AT,cnec,93,-0.782356,1.335692,10.020967,75.347222,288
DE_LU-CH,cnec,93,-0.782356,1.335692,14.208007,51.388889,288
FR-BE,cnec,93,-0.782356,1.335692,-24.260408,89.930556,288
FR-CH,cnec,93,-0.782356,1.335692,-19.007304,50.000000,288
NL-BE,cnec,93,-0.782356,1.335692,3.629408,88.541667,288
AT-CH,cnec,93,-0.782356,1.335692,4.187040,51.041667,288
AT-CZ,cnec,93,-0.782356,1.335692,-21.708588,92.013889,288
CZ-PL,cnec,93,-0.782356,1.335692,-7.092626,75.694444,288
DE_LU-FR,cnec,94,-0.591623,-1.183315,25.145028,87.847222,288
DE_LU-PL,cnec,94,-0.591623,-1.183315,-13.727281,87.152778,288
DE_LU-CZ,cnec,94,-0.591623,-1.183315,-8.955280,84.722222,288
DE_LU-NL,cnec,94,-0.591623,-1.183315,3.503033,82.291667,288
DE_LU-BE,cnec,94,-0.591623,-1.183315,5.193218,88.888889,288
DE_LU-AT,cnec,94,-0.591623,-1.183315,7.981762,77.777778,288
DE_LU-CH,cnec,94,-0.591623,-1.183315,10.833707,53.472222,288
FR-BE,cnec,94,-0.591623,-1.183315,-19.951810,88.888889,288
FR-CH,cnec,94,-0.591623,-1.183315,-14.311321,48.263889,288
NL-BE,cnec,94,-0.591623,-1.183315,1.690185,86.111111,288
AT-CH,cnec,94,-0.591623,-1.183315,2.851944,51.041667,288
AT-CZ,cnec,94,-0.591623,-1.183315,-16.937042,90.277778,288
CZ-PL,cnec,94,-0.591623,-1.183315,-4.772001,68.055556,288
DE_LU-FR,cnec,95,0.306574,1.162675,34.632015,87.847222,288
DE_LU-PL,cnec,95,0.306574,1.162675,-14.835129,86.458333,288
DE_LU-CZ,cnec,95,0.306574,1.162675,-10.023713,86.111111,288
DE_LU-NL,cnec,95,0.306574,1.162675,4.216058,82.291667,288
DE_LU-BE,cnec,95,0.306574,1.162675,6.806452,89.236111,288
DE_LU-AT,cnec,95,0.306574,1.162675,10.240914,79.861111,288
DE_LU-CH,cnec,95,0.306574,1.162675,14.799745,54.166667,288
FR-BE,cnec,95,0.306574,1.162675,-27.825563,88.888889,288
FR-CH,cnec,95,0.306574,1.162675,-19.832270,47.916667,288
NL-BE,cnec,95,0.306574,1.162675,2.590394,87.500000,288
AT-CH,cnec,95,0.306574,1.162675,4.558832,52.430556,288
AT-CZ,cnec,95,0.306574,1.162675,-20.264627,89.583333,288
CZ-PL,cnec,95,0.306574,1.162675,-4.811416,71.180556,288
DE_LU-FR,cnec,96,-1.239496,-0.089781,27.736799,88.194444,288
DE_LU-PL,cnec,96,-1.239496,-0.089781,-17.666744,87.847222,288
DE_LU-CZ,cnec,96,-1.239496,-0.089781,-10.750247,87.500000,288
DE_LU-NL,cnec,96,-1.239496,-0.089781,4.730600,85.069444,288
DE_LU-BE,cnec,96,-1.239496,-0.089781,7.584422,89.930556,288
DE_LU-AT,cnec,96,-1.239496,-0.089781,8.786655,75.347222,288
DE_LU-CH,cnec,96,-1.239496,-0.089781,12.109146,51.736111,288
FR-BE,cnec,96,-1.239496,-0.089781,-20.152377,89.930556,288
FR-CH,cnec,96,-1.239496,-0.089781,-15.627654,50.000000,288
NL-BE,cnec,96,-1.239496,-0.089781,2.853823,88.541667,288
AT-CH,cnec,96,-1.239496,-0.089781,3.322490,50.694444,288
AT-CZ,cnec,96,-1.239496,-0.089781,-19.536902,90.625000,288
CZ-PL,cnec,96,-1.239496,-0.089781,-6.916496,75.347222,288
DE_LU-FR,cnec,97,-0.335739,-0.643146,27.397138,88.541667,288
DE_LU-PL,cnec,97,-0.335739,-0.643146,-13.925745,86.805556,288
DE_LU-CZ,cnec,97,-0.335739,-0.643146,-9.185362,85.416667,288
DE_LU-NL,cnec,97,-0.335739,-0.643146,3.567307,82.291667,288
DE_LU-BE,cnec,97,-0.335739,-0.643146,5.348392,87.152778,288
DE_LU-AT,cnec,97,-0.335739,-0.643146,8.549319,78.472222,288
DE_LU-CH,cnec,97,-0.335739,-0.643146,11.727640,54.166667,288
FR-BE,cnec,97,-0.335739,-0.643146,-22.048745,89.236111,288
FR-CH,cnec,97,-0.335739,-0.643146,-15.669497,48.263889,288
NL-BE,cnec,97,-0.335739,-0.643146,1.781085,86.111111,288
AT-CH,cnec,97,-0.335739,-0.643146,3.178321,51.388889,288
AT-CZ,cnec,97,-0.335739,-0.643146,-17.734682,89.583333,288
CZ-PL,cnec,97,-0.335739,-0.643146,-4.740382,66.319444,288
DE_LU-FR,cnec,98,1.504212,-0.591016,32.950130,88.194444,288
DE_LU-PL,cnec,98,1.504212,-0.591016,-9.909588,90.277778,288
DE_LU-CZ,cnec,98,1.504212,-0.591016,-7.330773,90.972222,288
DE_LU-NL,cnec,98,1.504212,-0.591016,1.240563,80.555556,288
DE_LU-BE,cnec,98,1.504212,-0.591016,1.578773,88.541667,288
DE_LU-AT,cnec,98,1.504212,-0.591016,10.652672,82.291667,288
DE_LU-CH,cnec,98,1.504212,-0.591016,14.858714,55.555556,288
FR-BE,cnec,98,1.504212,-0.591016,-31.371357,89.236111,288
FR-CH,cnec,98,1.504212,-0.591016,-18.091417,45.833333,288
NL-BE,cnec,98,1.504212,-0.591016,0.338211,86.111111,288
AT-CH,cnec,98,1.504212,-0.591016,4.206041,54.513889,288
AT-CZ,cnec,98,1.504212,-0.591016,-17.983446,91.666667,288
CZ-PL,cnec,98,1.504212,-0.591016,-2.578815,73.263889,288
DE_LU-FR,cnec,99,-1.291436,0.473556,29.546675,88.541667,288
DE_LU-PL,cnec,99,-1.291436,0.473556,-18.775259,86.458333,288
DE_LU-CZ,cnec,99,-1.291436,0.473556,-11.290621,86.111111,288
DE_LU-NL,cnec,99,-1.291436,0.473556,5.127132,85.763889,288
DE_LU-BE,cnec,99,-1.291436,0.473556,8.304829,89.930556,288
DE_LU-AT,cnec,99,-1.291436,0.473556,9.247841,75.000000,288
DE_LU-CH,cnec,99,-1.291436,0.473556,12.893708,50.694444,288
FR-BE,cnec,99,-1.291436,0.473556,-21.241846,89.930556,288
FR-CH,cnec,99,-1.291436,0.473556,-16.652967,51.388889,288
NL-BE,cnec,99,-1.291436,0.473556,3.177697,88.194444,288
AT-CH,cnec,99,-1.291436,0.473556,3.645867,51.041667,288
AT-CZ,cnec,99,-1.291436,0.473556,-20.538461,89.583333,288
CZ-PL,cnec,99,-1.291436,0.473556,-7.484639,75.347222,288
DE_LU-FR,cnec,100,2.407292,-0.358616,36.565005,88.194444,288
DE_LU-PL,cnec,100,2.407292,-0.358616,-8.340416,92.013889,288
DE_LU-CZ,cnec,100,2.407292,-0.358616,-7.039330,88.888889,288
DE_LU-NL,cnec,100,2.407292,-0.358616,0.096100,80.208333,288
DE_LU-BE,cnec,100,2.407292,-0.358616,-0.027735,89.236111,288
DE_LU-AT,cnec,100,2.407292,-0.358616,11.481419,81.250000,288
DE_LU-CH,cnec,100,2.407292,-0.358616,16.911374,55.208333,288
FR-BE,cnec,100,2.407292,-0.358616,-36.592739,89.930556,288
FR-CH,cnec,100,2.407292,-0.358616,-19.653630,45.833333,288
NL-BE,cnec,100,2.407292,-0.358616,-0.123835,84.375000,288
AT-CH,cnec,100,2.407292,-0.358616,5.429956,54.166667,288
AT-CZ,cnec,100,2.407292,-0.358616,-18.520749,90.277778,288
CZ-PL,cnec,100,2.407292,-0.358616,-1.301086,78.819444,288
